Omega,switch_rate,excited_population,coherence_l1,J_hot,J_cold,drive_power,sigma_full,sigma_coarse,sigma_hidden,FCS_mean_hot,FCS_variance_hot,Fano_hot
0.0,0.001,0.23685088785483333,0.0,0.00011742439150685957,-0.00011742439150687345,0.0,0.00016439414810963117,1.180828230112523e-17,0.00016439414810961935,0.00011742439175114184,0.00018047728260998732,1.5369658715582177
0.0,0.001122018454301963,0.23686034085417923,0.0,0.0001317323744551846,-0.0001317323744551291,0.0,0.00018442532423714744,-4.723312920450092e-17,0.00018442532423719468,0.00013173237561635553,0.00020247769256241793,1.5370381928896062
0.0,0.0012589254117941675,0.23687094388478358,0.0,0.00014778103534390796,-0.00014778103534392878,0.0,0.0002068934494815128,1.7712423451687845e-17,0.0002068934494814951,0.00014778103517489036,0.00022711902341048936,1.5368617708064303
0.0,0.001412537544622754,0.23688283639114863,0.0,0.00016578143626999609,-0.00016578143626994057,0.0,0.00023209401077788349,-4.723312920450092e-17,0.00023209401077793073,0.00016578143635238252,0.00025478556880585685,1.5368763500413187
0.0,0.001584893192461114,0.2368961746055338,0.0,0.0001859700490905447,-0.00018597004909049614,0.0,0.00026035806872666545,-4.13289880539383e-17,0.00026035806872670676,0.0001859700484787365,0.0002858173908630272,1.5369001255904233
0.0,0.0017782794100389228,0.23691113353789336,0.0,0.00020861176745046173,-0.00020861176745046173,0.0,0.0002920564744306464,-0.0,0.0002920564744306464,0.00020861176897168747,0.00032057908917566325,1.5367258077331767
0.0,0.001995262314968879,0.23692790919370568,0.0,0.00023400326366573854,-0.0002340032636657316,0.0,0.00032760456913202005,-5.904141150562615e-18,0.00032760456913202596,0.00023400326447381014,0.0003595940714337436,1.5367053628176615
0.0,0.00223872113856834,0.23694672104365555,0.0,0.0002624767267675465,-0.00026247672676762285,0.0,0.0003674674174747178,6.494555265618876e-17,0.00036746741747465284,0.0002624767273806372,0.00040335755665409003,1.5367364591876786
0.0,0.0025118864315095794,0.23696781477102885,0.0,0.00029440402098585006,-0.00029440402098579455,0.0,0.00041216562938007907,-4.723312920450092e-17,0.0004121656293801263,0.00029440402142786866,0.00045241165568913586,1.536703382973253
0.0,0.002818382931264455,0.23699146532485682,0.0,0.00033020130692285043,-0.0003302013069227949,0.0,0.0004622818296918796,-4.723312920450092e-17,0.0004622818296919268,0.00033020130744728065,0.0005074027885988391,1.5366468186375977
0.0,0.0031622776601683794,0.23701798030851934,0.0,0.0003703341705611485,-0.0003703341705612387,0.0,0.0005184678387857883,7.6753834957314e-17,0.0005184678387857116,0.0003703341719102716,0.0005690479012713075,1.5365795123253772
0.0,0.0035481338923357532,0.23704770373550613,0.0,0.00041532330793137007,-0.00041532330793137007,0.0,0.0005814526311039181,-0.0,0.0005814526311039181,0.0004153233082213311,0.0006381588536556592,1.5365351306399018
0.0,0.003981071705534973,0.23708102018542723,0.0,0.0004657508155923029,-0.0004657508155923376,0.0,0.0006520511418292935,2.9520705752813074e-17,0.000652051141829264,0.00046575081658672724,0.000715624450054827,1.5364963937139353
0.0,0.0044668359215096305,0.23711835939453463,0.0,0.0005222671388416811,-0.0005222671388416464,0.0,0.0007311739943782841,-2.9520705752813074e-17,0.0007311739943783136,0.0005222671411662336,0.0008024057238681723,1.5363894463595456
0.0,0.005011872336272725,0.23716020131573867,0.0,0.0005855987305019017,-0.0005855987305019225,0.0,0.000819838222702704,1.7712423451687845e-17,0.0008198382227026863,0.0005855987323675895,0.0008996688665065539,1.5363231113379827
0.0,0.005623413251903491,0.2372070816828395,0.0,0.0006565564729005269,-0.0006565564729005546,0.0,0.0009191790620607931,2.361656460225046e-17,0.0009191790620607695,0.0006565564733880424,0.0010086383132046099,1.5362552256924862
0.0,0.00630957344480193,0.237259598112552,0.0,0.0007360449138344438,-0.0007360449138344785,0.0,0.0010304628793682906,2.9520705752813074e-17,0.0010304628793682612,0.0007360449160065714,0.0011306655145273722,1.5361365725638374
0.0,0.00707945784384138,0.23731841677524787,0.0,0.0008250723633602686,-0.0008250723633601992,0.0,0.0011551013087042373,-5.904141150562615e-17,0.0011551013087042962,0.0008250723654532,0.0012673413051665953,1.5360365444677857
0.0,0.007943282347242814,0.23738427966093045,0.0,0.0009247618915113609,-0.000924761891511354,0.0,0.0012946666481158916,-5.904141150562615e-18,0.0012946666481158974,0.0009247618945450386,0.0014203640604742538,1.5359240782439894
0.0,0.008912509381337459,0.2374580124600947,0.0,0.0010363632567071401,-0.0010363632567071332,0.0,0.0014509085593899824,-5.904141150562615e-18,0.0014509085593899882,0.0010363632597931531,0.0015916379929731097,1.5357916038926192
0.0,0.01,0.23754053306928233,0.0,0.0011612657796885584,-0.001161265779688593,0.0,0.0016257720915640512,2.9520705752813074e-17,0.0016257720915640217,0.001161265782910377,0.0017832779521986082,1.535632908884422
0.0,0.011220184543019636,0.23763286071745515,0.0,0.00130101215712497,-0.00130101215712497,0.0,0.001821417019974958,-0.0,0.001821417019974958,0.0013010121603453495,0.001997650991199639,1.5354591233562098
0.0,0.012589254117941675,0.2377361256909101,0.0,0.0014573131811629891,-0.00145731318116301,0.0,0.0020402384536282263,1.7712423451687845e-17,0.0020402384536282086,0.0014573131846564418,0.0022373815554875168,1.5352784693394332
0.0,0.014125375446227547,0.23785157961021472,0.0,0.0016320632945144853,-0.0016320632945145547,0.0,0.002284888612320418,5.904141150562615e-17,0.002284888612320359,0.0016320632997802373,0.0025053390321433324,1.5350746704988
0.0,0.01584893192461114,0.23798060618135938,0.0,0.0018273568633132564,-0.0018273568633132703,0.0,0.0025582996086385866,1.180828230112523e-17,0.002558299608638575,0.001827356868772211,0.0028046833084921976,1.53483063785819
0.0,0.01778279410038923,0.23812473230357514,0.0,0.0020455049898202016,-0.002045504989820153,0.0,0.002863706985748185,-4.13289880539383e-17,0.0028637069857482263,0.0020455049954244235,0.003138996989684014,1.5345829009000787
0.0,0.0199526231496888,0.23828563936657413,0.0,0.00228905261182627,-0.0022890526118263185,0.0,0.003204673656556875,4.13289880539383e-17,0.003204673656556834,0.002289052618680173,0.0035120807022246026,1.5342944384780486
0.0,0.0223872113856834,0.23846517450868845,0.0,0.002560795542894012,-0.0025607955428939982,0.0,0.0035851137600515894,-1.180828230112523e-17,0.003585113760051601,0.0025607955497743856,0.003928196470396018,1.5339750456619252
0.0,0.025118864315095808,0.2386653615330762,0.0,0.002863796995023149,-0.0028637969950230865,0.0,0.004009315793032283,-5.3137270355063536e-17,0.004009315793032336,0.002863797003044108,0.00439200636759909,1.5336304783232027
0.0,0.02818382931264455,0.23888841109021,0.0,0.0032014029907902475,-0.0032014029907902544,0.0,0.0044819641871063605,5.904141150562615e-18,0.0044819641871063545,0.0032014029999052314,0.004908534262352346,1.533244725046378
0.0,0.03162277660168379,0.23913672963045657,0.0,0.0035772559139019,-0.0035772559139019555,0.0,0.005008158279462771,4.723312920450092e-17,0.005008158279462724,0.0035772559243318906,0.0054832962401014,1.5328219048586782
0.0,0.03548133892335755,0.2394129265101082,0.0,0.0039953052648209475,-0.003995305264820927,0.0,0.005593427370749285,-1.7712423451687845e-17,0.0055934273707493026,0.003995305275607297,0.006122238424696837,1.5323581059187625
0.0,0.039810717055349734,0.23971981849845164,0.0,0.004459814482633995,-0.004459814482633953,0.0,0.0062437402756875095,-3.542484690337569e-17,0.006243740275687545,0.004459814495939095,0.0068317209914731955,1.5318397206192884
0.0,0.04466835921509633,0.24006043078456324,0.0,0.004975362468924549,-0.004975362468924535,0.0,0.006965507456494342,-1.180828230112523e-17,0.006965507456494354,0.00497536248320227,0.007618692196695428,1.53128384563286
0.0,0.05011872336272725,0.24043799342475186,0.0,0.005546838210653826,-0.0055468382106537845,0.0,0.007765573494915273,-3.542484690337569e-17,0.007765573494915309,0.005546838225522514,0.00849038997886301,1.530672003339923
0.0,0.05623413251903491,0.24085593201225275,0.0,0.006179426657885179,-0.006179426657885186,0.0,0.008651197321039264,5.904141150562615e-18,0.008651197321039259,0.0061794266756994886,0.00945458259453398,1.5300096741521343
0.0,0.06309573444801933,0.24131785120077048,0.0,0.00687858378515116,-0.006878583785151167,0.0,0.00963001729921164,5.904141150562615e-18,0.009630017299211634,0.006878583804363181,0.010519389661105482,1.5292958493044582
0.0,0.0707945784384138,0.24182750958824537,0.0,0.007649998575728123,-0.0076499985757281855,0.0,0.010709998006019497,5.3137270355063536e-17,0.010709998006019444,0.007649998596762193,0.011693237592070482,1.5285280701907005
0.0,0.07943282347242818,0.24238878438742498,0.0,0.008499539547300428,-0.008499539547300455,0.0,0.011899355366220655,2.361656460225046e-17,0.01189935536622063,0.008499539571931232,0.012984754925879527,1.5277009790930571
0.0,0.08912509381337459,0.24300562430163936,0.0,0.009433183425115899,-0.009433183425115892,0.0,0.013206456795162243,-5.904141150562615e-18,0.013206456795162249,0.009433183450586186,0.014402805061567152,1.5268233822667945
0.0,0.1,0.24368198911917466,0.0,0.010456923712522603,-0.010456923712522576,0.0,0.01463969319753159,-2.361656460225046e-17,0.014639693197531615,0.010456923740348753,0.01595615921546637,1.525894193327474
0.0,0.11220184543019641,0.24442177477354635,0.0,0.011576657262806156,-0.011576657262806198,0.0,0.016207320167928703,3.542484690337569e-17,0.016207320167928668,0.011576657293902105,0.017653447621888266,1.5249175278935703
0.0,0.12589254117941676,0.24522872302720594,0.0,0.012798047577184113,-0.012798047577184099,0.0,0.01791726660805773,-1.180828230112523e-17,0.01791726660805774,0.012798047610780435,0.019502947475972567,1.523900212681211
0.0,0.1412537544622754,0.24610631555773624,0.0,0.014126364494532084,-0.014126364494532036,0.0,0.019776910292344824,-4.13289880539383e-17,0.019776910292344865,0.014126364531167019,0.021512373296262495,1.5228527657487327
0.0,0.15848931924611143,0.2470576530846536,0.0,0.015566301238693347,-0.015566301238693292,0.0,0.021792821734170575,-4.723312920450092e-17,0.021792821734170624,0.01556630127936555,0.023688547951264103,1.5217839823430168
0.0,0.1778279410038923,0.24808532128105004,0.0,0.0171217714634328,-0.0171217714634328,0.0,0.02397048004880592,-0.0,0.02397048004880592,0.017121771506908596,0.026037202406299153,1.5207072700271231
0.0,0.19952623149688808,0.24919124655062272,0.0,0.018795690957720212,-0.018795690957720226,0.0,0.026313967340808327,1.180828230112523e-17,0.026313967340808316,0.018795691005630378,0.0285626700175513,1.519639262477509
0.0,0.223872113856834,0.25037654626398603,0.0,0.02058975096463067,-0.020589750964630733,0.0,0.028825651350483067,5.3137270355063536e-17,0.028825651350483015,0.020589751015853763,0.031267591377209907,1.5185997806935299
0.0,0.25118864315095824,0.2516413796408911,0.0,0.0225041924778851,-0.022504192477885078,0.0,0.0315058694690391,-1.7712423451687845e-17,0.03150586946903912,0.02250419253386108,0.03415260925632229,1.5176109609324726
0.0,0.2818382931264455,0.252984806990892,0.0,0.024537593189665974,-0.024537593189665925,0.0,0.03435263046553227,-4.13289880539383e-17,0.03435263046553231,0.02453759324924614,0.037216043561448274,1.5166949416520974
0.0,0.31622776601683794,0.2544046662930002,0.0,0.026686680682587227,-0.026686680682587206,0.0,0.03736135295562208,-1.7712423451687845e-17,0.0373613529556221,0.026686680746676256,0.040453797561728407,1.5158796984059848
0.0,0.3548133892335757,0.2558974768828648,0.0,0.02894618665139348,-0.028946186651393445,0.0,0.0405246613119508,-2.9520705752813074e-17,0.04052466131195083,0.02894618671933148,0.043858952816542174,1.5151893146343633
0.0,0.3981071705534973,0.25745838009688826,0.0,0.031308757062375514,-0.031308757062375514,0.0,0.043832259887325725,-0.0,0.043832259887325725,0.03130875713655822,0.047421900744818085,1.5146529304238994
0.0,0.4466835921509635,0.25908112590148263,0.0,0.03376493191552221,-0.03376493191552217,0.0,0.047270904681731014,-3.542484690337569e-17,0.04727090468173105,0.03376493199463162,0.05113000294485299,1.514293082331168
0.0,0.5011872336272725,0.2607581126936229,0.0,0.03630320548631316,-0.036303205486313106,0.0,0.05082448768083832,-4.723312920450092e-17,0.050824487680838366,0.03630320557143779,0.05496798934238187,1.514135968908182
0.0,0.5623413251903491,0.26248048459624324,0.0,0.03891017359124038,-0.03891017359124041,0.0,0.054474243027736596,2.361656460225046e-17,0.054474243027736576,0.038910173681863766,0.05891782020456971,1.5142009050458598
0.0,0.6309573444801936,0.26423828683908346,0.0,0.041570768770993693,-0.041570768770993693,0.0,0.05819907627939117,-0.0,0.05819907627939117,0.04157076886908006,0.062959039856841,1.5145026558233645
0.0,0.707945784384138,0.26602067552018727,0.0,0.0442685777837582,-0.04426857778375817,0.0,0.06197600889726143,-2.361656460225046e-17,0.06197600889726145,0.04426857789005621,0.06706933894171949,1.5150551957709233
0.0,0.7943282347242822,0.26781617362737015,0.0,0.046986229117225664,-0.04698622911722571,0.0,0.06578072076411604,4.13289880539383e-17,0.065780720764116,0.04698622923077993,0.07122435888118775,1.5158560294625603
0.0,0.8912509381337459,0.2696129611824799,0.0,0.04970583214858931,-0.049705832148589264,0.0,0.06958816500802495,-4.13289880539383e-17,0.06958816500802499,0.04970583226856922,0.07539923255982262,1.516909165758004
0.0,1.0,0.2713991842705071,0.0,0.05240944488849009,-0.05240944488849009,0.0,0.07337322284388612,-0.0,0.07337322284388612,0.052409445017747025,0.07956814169464198,1.5182023329515968
0.0,1.1220184543019642,0.27316326595243734,0.0,0.0550795445761838,-0.05507954457618379,0.0,0.07711136240665731,-1.180828230112523e-17,0.07711136240665732,0.055079544711373316,0.08370561791256713,1.5197224005971648
0.0,1.2589254117941675,0.2748942018830989,0.0,0.05769947512430873,-0.05769947512430883,0.0,0.08077926517403242,8.26579761078766e-17,0.08077926517403233,0.05769947527162448,0.08778661416897986,1.5214456241710688
0.0,1.4125375446227555,0.2765818248883838,0.0,0.0602538475808182,-0.0602538475808183,0.0,0.08435538661314568,8.856211725843922e-17,0.0843553866131456,0.060253847737605615,0.0917876834497186,1.523349742732398
0.0,1.584893192461114,0.2782170255977925,0.0,0.06272887407660471,-0.06272887407660466,0.0,0.08782042370724649,-4.723312920450092e-17,0.08782042370724653,0.06272887423855672,0.09568696332407738,1.525405397204829
0.0,1.7782794100389228,0.2797919200881098,0.0,0.06511262156960373,-0.06511262156960368,0.0,0.09115767019744511,-4.723312920450092e-17,0.09115767019744515,0.0651126217506715,0.09946461576662127,1.5275781114680043
0.0,1.9952623149688808,0.2812999598686853,0.0,0.06739517831762115,-0.06739517831762118,0.0,0.09435324964466968,2.361656460225046e-17,0.09435324964466965,0.06739517850720755,0.10310400961149632,1.529842518340832
0.0,2.23872113856834,0.28273598390161936,0.0,0.0695687326156641,-0.06956873261566393,0.0,0.0973962256619294,-1.4169938761350276e-16,0.09739622566192954,0.06956873281227176,0.10659036776292793,1.5321591101933316
0.0,2.5118864315095824,0.28409621623644393,0.0,0.07162756921581026,-0.07162756921581029,0.0,0.10027859690213442,2.361656460225046e-17,0.10027859690213439,0.07162756942732093,0.10991252829238066,1.5345003211913635
0.0,2.818382931264455,0.2853782159085213,0.0,0.07356799349383564,-0.07356799349383561,0.0,0.10299519089136984,-2.361656460225046e-17,0.10299519089136987,0.07356799371740705,0.1130620213771194,1.5368370899364028
0.0,3.1622776601683795,0.28658078781862995,0.0,0.07538819655727685,-0.07538819655727688,0.0,0.10554347518018765,2.361656460225046e-17,0.10554347518018763,0.07538819679206096,0.11603343130078825,1.539145864183975
0.0,3.548133892335757,0.2877038643472117,0.0,0.07708807605772094,-0.07708807605772096,0.0,0.10792330648080936,1.180828230112523e-17,0.10792330648080935,0.07708807630357056,0.11882379420680156,1.5414030276080177
0.0,3.981071705534973,0.2887483675569093,0.0,0.07866902762168515,-0.07866902762168529,0.0,0.1101366386703595,1.180828230112523e-16,0.11013663867035937,0.07866902786902996,0.1214325924536741,1.5435883185926478
0.0,4.4668359215096345,0.2897160611835733,0.0,0.08013372082541009,-0.08013372082541012,0.0,0.11218720915557419,2.361656460225046e-17,0.11218720915557416,0.08013372109025307,0.12386188324997605,1.545689898893785
0.0,5.011872336272725,0.29060940043251093,0.0,0.08148587184768169,-0.08148587184768177,0.0,0.11408022058675454,7.084969380675138e-17,0.11408022058675447,0.08148587211577463,0.12611513292015708,1.5476932337543552
0.0,5.623413251903491,0.2914313861091764,0.0,0.08273002268323237,-0.08273002268323251,0.0,0.11582203175652561,1.180828230112523e-16,0.11582203175652549,0.08273002295985932,0.12819761502358418,1.5495899848327828
0.0,6.309573444801936,0.2921854280211944,0.0,0.08387133438915323,-0.08387133438915313,0.0,0.11741986814481434,-8.26579761078766e-17,0.11741986814481442,0.08387133467610552,0.13011610261459694,1.5513775131524918
0.0,7.07945784384138,0.2928752210480864,0.0,0.08491539950503962,-0.0849153995050396,0.0,0.11888155930705542,-2.361656460225046e-17,0.11888155930705545,0.08491539980809426,0.1318780445958012,1.5530521541892381
0.0,7.943282347242821,0.293504635894428,0.0,0.08586807669785934,-0.08586807669785945,0.0,0.12021530737700331,9.446625840900184e-17,0.12021530737700321,0.08586807700397547,0.1334912833050872,1.554608976498995
0.0,8.91250938133746,0.2940776253835845,0.0,0.08673534892891316,-0.08673534892891319,0.0,0.12142948850047848,2.361656460225046e-17,0.12142948850047845,0.08673534924508175,0.13496503096623247,1.5560556582861231
0.0,10.0,0.29459814623658054,0.0,0.08752320505896594,-0.08752320505896603,0.0,0.12253248708255252,8.26579761078766e-17,0.12253248708255243,0.08752320537652736,0.1363077761773468,1.5573901297484114
0.0,11.220184543019629,0.29507009560940806,0.0,0.08823754379163445,-0.08823754379163451,0.0,0.12353256130828835,4.723312920450092e-17,0.12353256130828831,0.08823754412162765,0.1375284913729402,1.55861649076916
0.0,12.589254117941687,0.2954972612087963,0.0,0.0888840981690211,-0.08888409816902139,0.0,0.12443773743663011,2.4797392832362985e-16,0.12443773743662986,0.08888409850194012,0.13863667436275762,1.5597466442181613
0.0,14.125375446227554,0.2958832835374879,0.0,0.08946837842647182,-0.08946837842647203,0.0,0.12525572979706096,1.7712423451687844e-16,0.1252557297970608,0.08946837876416813,0.13964004979877856,1.5607754575150976
0.0,15.848931924611142,0.2962316286980833,0.0,0.0899956308286946,-0.089995630828695,0.0,0.12599388316017324,3.306319044315064e-16,0.1259938831601729,0.0899956311684047,0.14054760133497268,1.5617158245378868
0.0,17.78279410038923,0.29654557017316563,0.0,0.09047081009230745,-0.09047081009230737,0.0,0.12665913412923027,-7.084969380675138e-17,0.12665913412923036,0.09047081043767058,0.14136679604703772,1.5625680300988536
0.0,19.952623149688787,0.29682817806610506,0.0,0.09089856310080241,-0.09089856310080262,0.0,0.12725798834112378,1.7712423451687844e-16,0.12725798834112362,0.09089856343402758,0.14210627674593468,1.5633500836245082
0.0,22.387211385683422,0.2970823144042455,0.0,0.09128322179549397,-0.09128322179549411,0.0,0.12779651051369184,1.180828230112523e-16,0.12779651051369173,0.09128322211504614,0.14277182214250672,1.5640532710662693
0.0,25.11886431509582,0.2973106332522947,0.0,0.09162880334713974,-0.09162880334713959,0.0,0.12828032468599534,-1.2989110531237753e-16,0.12828032468599548,0.09162880367480364,0.14337040721290606,1.5646871012496966
0.0,28.18382931264455,0.2975155845421069,0.0,0.09193901595266907,-0.09193901595266972,0.0,0.128714622333738,5.549892681528858e-16,0.12871462233373746,0.09193901631985679,0.14390872468318744,1.5652628279437697
0.0,31.622776601683793,0.29769942068387245,0.0,0.09221726884183185,-0.09221726884183201,0.0,0.12910417637856492,1.4169938761350276e-16,0.12910417637856478,0.09221726919749446,0.14439148525635978,1.5657748978353276
0.0,35.481338923357534,0.29786420517502266,0.0,0.09246668530755792,-0.09246668530755724,0.0,0.12945335943057973,-5.786058327551363e-16,0.1294533594305803,0.09246668565183432,0.14482558091518596,1.5662460473656328
0.0,39.81071705534978,0.29801182256201214,0.0,0.0926901177840338,-0.0926901177840328,0.0,0.1297661648976453,-8.501963256810166e-16,0.12976616489764617,0.09269011815302688,0.14521477687171902,1.566669454795348
0.0,44.668359215096345,0.2981439892340063,0.0,0.09289016418394014,-0.0928901641839408,0.0,0.13004622985751751,5.667975504540111e-16,0.13004622985751696,0.09289016464192376,0.14556241017751073,1.567037917723903
0.0,50.11872336272725,0.29826226463541305,0.0,0.09306918486965499,-0.09306918486965643,0.0,0.13029685881751987,1.228061359317024e-15,0.13029685881751865,0.09306918517389925,0.14587389808725595,1.5673705299416922
0.0,56.23413251903491,0.2983680625763976,0.0,0.09322931977274951,-0.09322931977274886,0.0,0.13052104768184802,-5.549892681528858e-16,0.13052104768184858,0.09322932008093358,0.1461536018830523,1.5676785131134117
0.0,63.09573444801943,0.2984626623979129,0.0,0.09337250529327557,-0.09337250529327734,0.0,0.13072150741058935,1.5114601345440294e-15,0.13072150741058786,0.09337250564385936,0.14640319264511525,1.5679475626746604
0.0,70.79457843841388,0.29854721981172905,0.0,0.09350049070718253,-0.09350049070718243,0.0,0.13090068699005536,-8.26579761078766e-17,0.13090068699005544,0.0935004911364118,0.14662720779621322,1.568197193555835
0.0,79.43282347242821,0.2986227772880732,0.0,0.09361485388891883,-0.09361485388891916,0.0,0.131060795444487,2.8339877522700553e-16,0.13106079544448673,0.09361485412102495,0.14682717408587445,1.5684174852855808
0.0,89.12509381337459,0.2986902739051698,0.0,0.09371701621965078,-0.09371701621965206,0.0,0.13120382270751366,1.086361971703521e-15,0.13120382270751257,0.09371701655642918,0.14700678034766643,1.5686242024056565
0.0,100.0,0.29875055460806554,0.0,0.09380825660133074,-0.09380825660133281,0.0,0.13133155924186718,1.7594340628676592e-15,0.13133155924186543,0.09380825696806112,0.14716570862134498,1.5687926988287444
0.0,112.20184543019653,0.29880437884971434,0.0,0.09388972453577543,-0.09388972453577682,0.0,0.1314456143500884,1.180828230112523e-15,0.1314456143500872,0.09388972491606443,0.14730704861992858,1.568936843212803
0.0,125.89254117941688,0.2988524286069031,0.0,0.09396245225750083,-0.09396245225750183,0.0,0.13154743316050316,8.501963256810166e-16,0.1315474331605023,0.09396245265597104,0.1474346262329295,1.5690802237010408
0.0,141.25375446227554,0.2988953157782018,0.0,0.09402736593121053,-0.0940273659312087,0.0,0.13163831230369108,-1.5586932637485302e-15,0.13163831230369263,0.09402736627412807,0.1475520616818748,1.5692459283789832
0.0,158.48931924611142,0.2989335889817628,0.0,0.09408529594086157,-0.09408529594086601,0.0,0.13171941431721507,3.7786503363600734e-15,0.1317194143172113,0.09408529623100131,0.14765008397219875,1.5693215612531357
0.0,177.82794100389228,0.29896773977816393,0.0,0.09413698630857065,-0.094136986308574,0.0,0.13179178083200563,2.8576043168723055e-15,0.13179178083200277,0.09413698651897015,0.14774131003039706,1.5694289300478592
0.0,199.5262314968883,0.29899820834851887,0.0,0.09418310328888785,-0.09418310328888552,0.0,0.13185634460443832,-1.9837914265890388e-15,0.1318563446044403,0.09418310374924638,0.14782245879227102,1.5695220576488365
0.0,223.87211385683423,0.2990253886609117,0.0,0.0942242431886865,-0.09422424318868433,0.0,0.13191394046415678,-1.842092038975536e-15,0.1319139404641586,0.09422424378891708,0.14789577388690756,1.5696148670423553
0.0,251.18864315095823,0.2990496331597794,0.0,0.09426093946500536,-0.09426093946500541,0.0,0.1319653152510076,4.723312920450092e-17,0.13196531525100755,0.09426093989255635,0.14795672625649686,1.569650445085163
0.0,281.8382931264455,0.29907125701321935,0.0,0.09429366915371284,-0.09429366915371795,0.0,0.1320111368152082,4.345447886814084e-15,0.13201113681520385,0.0942936696231635,0.14801310827169323,1.5697035534115367
0.0,316.22776601683796,0.29909054195267876,0.0,0.09432285868125106,-0.09432285868125345,0.0,0.13205200215375626,2.0310245557935396e-15,0.13205200215375423,0.0943228594554076,0.14806068004326475,1.5697221320274164
0.0,354.81338923357606,0.29910773973848004,0.0,0.0943488891099899,-0.0943488891099868,0.0,0.13208844475397968,-2.6332469531509263e-15,0.13208844475398232,0.094348889410663,0.14810887337760792,1.5697998598897036
0.0,398.1071705534977,0.29912307528310833,0.0,0.09437210086562214,-0.09437210086562155,0.0,0.13212094121186982,-5.077561389483849e-16,0.13212094121187032,0.09437210095552338,0.14815928102404188,1.5699478926920134
0.0,446.6835921509635,0.29913674946249064,0.0,0.09439279799232658,-0.09439279799233008,0.0,0.13214991718926422,2.975687139883558e-15,0.13214991718926125,0.0943927982889777,0.14818808024623129,1.5699087529173852
0.0,501.18723362727246,0.29914894164362993,0.0,0.09441125197854855,-0.09441125197855185,0.0,0.13217575276997456,2.8103711876678047e-15,0.13217575276997176,0.0944112527505367,0.14821279917002161,1.5698637064126773
0.0,562.341325190349,0.2991598119549481,0.0,0.09442770519336208,-0.09442770519336315,0.0,0.13219878727070905,9.092377371866427e-16,0.13219878727070813,0.0944277054971684,0.14825322926080184,1.5700183381586825
0.0,630.9573444801943,0.2991695033237481,0.0,0.09444237397035932,-0.09444237397036394,0.0,0.1322193235585123,3.932158006274701e-15,0.13221932355850835,0.09444237449727448,0.14825713263773518,1.5698158101903055
0.0,707.9457843841387,0.29917814330326065,0.0,0.09445545137310196,-0.09445545137309587,0.0,0.13223763192233057,-5.1838359301939756e-15,0.13223763192233576,0.09445545153255845,0.148291434253882,1.5699616258016245
0.0,794.3282347242822,0.2991858457099381,0.0,0.09446710967323163,-0.09446710967321084,0.0,0.1322539535424827,-1.7688806887085595e-14,0.13225395354250039,0.09446710973038201,0.14831725040983734,1.5700411585910554
0.0,891.2509381337459,0.29919271208974507,0.0,0.09447750256986709,-0.09447750256984684,0.0,0.13226850359777342,-1.722828387734171e-14,0.13226850359779066,0.09447750297906851,0.1483243611937466,1.5699437063510013
0.0,1000.0,0.29919883303063344,0.0,0.09448676717617766,-0.09448676717618551,0.0,0.13228147404666443,6.68348778243688e-15,0.13228147404665774,0.09448676807396078,0.14837092582577963,1.5702825787166337
0.15,0.001,0.24456919549873768,0.11700795197018822,-0.0008452140130761343,-0.007930382384688073,0.008775596397764117,0.016367893177221825,0.007466947979071078,0.008900945198150746,-0.0008452140831681291,0.004349736246299927,5.146313026394146
0.15,0.001122018454301963,0.24457627490652237,0.11698771228404434,-0.0008323113836130047,-0.007941767037690235,0.008774078421303325,0.016382920905548274,0.007465656368705955,0.008917264536842318,-0.0008323114465355043,0.004273742752486646,5.13478790935304
0.15,0.0012589254117941675,0.24458421666626373,0.11696501746564869,-0.0008178381800283963,-0.007954538129895182,0.008772376309923651,0.016399779167807403,0.007464208082281825,0.008935571085525578,-0.0008178382360930312,0.004211160607703505,5.1491363717854775
0.15,0.001412537544622754,0.24459312562066535,0.11693957167554714,-0.0008016037419697475,-0.00796886413369624,0.008770467875666035,0.01641869051257433,0.007462584240587541,0.008956106271986789,-0.0008016037926251837,0.004161117804987218,5.190990665550514
0.15,0.001584893192461114,0.24460311930660983,0.11691104393528129,-0.0007833943978691749,-0.007984933897277016,0.008768328295146096,0.01643990443327554,0.007460763721990944,0.008979140711284594,-0.0007833944425445086,0.0041230670747193655,5.263079300546752
0.15,0.0017782794100389228,0.24461432947842437,0.11687906408507773,-0.0007629707224003912,-0.008002959083980452,0.008765929806380829,0.01646370060140114,0.007458722904475247,0.009004977696925891,-0.0007629707643877775,0.004096387803258456,5.368997076245086
0.15,0.001995262314968879,0.24462690381044747,0.11684321831048737,-0.0007400644761000885,-0.008023176897186506,0.008763241373286552,0.016490392480033065,0.007456435380169197,0.009033957099863868,-0.0007400645135420851,0.004080777912926876,5.51408402680399
0.15,0.00223872113856834,0.2446410077989374,0.11680304420107793,-0.0007143751926799169,-0.008045853122401053,0.008760228315080843,0.016520331360410055,0.007453871640013025,0.00906645972039703,-0.0007143752275733353,0.004075960961459452,5.705630324423628
0.15,0.0025118864315095794,0.24465682688539261,0.11675802530359483,-0.0006855663764574471,-0.008071285521312144,0.008756851897769612,0.016553910868498757,0.007450998726164557,0.009102912142334201,-0.000685566406916089,0.004081916866370719,5.954079466542956
0.15,0.002818382931264455,0.24467456882574973,0.11670758513193681,-0.0006532612691262929,-0.008099807615768902,0.00875306888489526,0.01659157199301358,0.007447779849742156,0.009143792143271424,-0.0006532612970245292,0.00409874806692733,6.274285780584712
0.15,0.0031622776601683794,0.24469446633171574,0.11665108059796256,-0.0006170381418325599,-0.008131792903014662,0.008748831044847192,0.01663380869112886,0.007444173971606067,0.00918963471952279,-0.0006170381681748369,0.004126586617220787,6.6877331582695945
0.15,0.0035481338923357532,0.24471678001326452,0.11658779482957743,-0.0005764250653206293,-0.00816765954689768,0.008744084612218306,0.01668117413298774,0.007440135344039366,0.009241038788948372,-0.0005764250877022114,0.004165766347599859,7.226899794049123
0.15,0.003981071705534973,0.2447418016534174,0.11651692934758466,-0.0005308941078444596,-0.008207875593224431,0.00873876970106885,0.01673428765115554,0.0074356130115086445,0.009298674639646894,-0.0005308941290895629,0.004216864735133424,7.942948516618518
0.15,0.0044668359215096305,0.24476985784879823,0.11643759558014526,-0.00047985490777519013,-0.008252964760735657,0.008732819668510894,0.016793842466136428,0.007430550269152351,0.009363292196984077,-0.00047985492726559085,0.00428051164602108,8.920428660414476
0.15,0.005011872336272725,0.244801314051869,0.11634880570422665,-0.00042264756557741645,-0.008303512862239612,0.008726160427816999,0.016860614263825673,0.0074248840783218886,0.009435730185503784,-0.0004226475834376563,0.004357468979675892,10.309934684196891
0.15,0.005623413251903491,0.24483657905260997,0.11624946281837888,-0.000358534798314325,-0.00836017491306413,0.008718709711378416,0.016935470705116855,0.007418544439449274,0.00951692626566758,-0.0003585348135959355,0.004448768909304977,12.40819228873737
0.15,0.00630957344480193,0.24487610993928227,0.11613835047099004,-0.00028669329944491784,-0.008423682985879324,0.008710376285324253,0.017019381951425598,0.007411453723785768,0.00960792822763983,-0.0002866933138354348,0.004555528037848151,15.889899826764276
0.15,0.00707945784384138,0.24492041757885413,0.11601412159462302,-0.00020620424779632662,-0.00849485487180033,0.008701059119596725,0.017113432292278456,0.0074035259672383035,0.009709906325040152,-0.0002062042614191579,0.00467908300948141,22.691495206154304
0.15,0.007943282347242814,0.24497007265816256,0.11587528693089817,-0.0001160429128127527,-0.008574603607004655,0.008690646519817363,0.01721883296169696,0.007394666131695008,0.009824166830001955,-0.00011604292311030633,0.004821018264926445,41.54512947199507
0.15,0.008912509381337459,0.24502571232587556,0.11572020307375747,-1.5067309169558563e-05,-0.00866394792136218,0.008679015230531809,0.017336936228226095,0.0073847693419967315,0.009952166886229363,-1.5067320553336416e-05,0.004983095356847682,330.72206429856936
0.15,0.01,0.24508804747288843,0.11554706031309772,9.799413651545574e-05,-0.008764023659997788,0.008666029523482329,0.017469250838086304,0.007373720110170839,0.010095530727915466,9.7994127562921e-05,0.005167281335306512,52.73052032621705
0.15,0.011220184543019636,0.2451578706840819,0.11535387052768724,0.00022455592979930827,-0.008876096219375816,0.008651540289576543,0.017617458880872048,0.0073613915628074995,0.010256067318064548,0.00022455592162054397,0.0053758828145707965,23.940062572275416
0.15,0.012589254117941675,0.24523606488669497,0.11513845545775482,0.0003661898658974261,-0.009001574025229109,0.008635384159331612,0.017783434130919762,0.007347644692667489,0.010435789438252272,0.0003661898580072948,0.005611469393910452,15.323934487007739
0.15,0.014125375446227547,0.2453236127090685,0.11489843578523437,0.0005246403750974182,-0.00914202305899,0.008617382683892578,0.01796926189292155,0.007332327661829044,0.010636934231092505,0.0005246403678443769,0.005876790453531006,11.201559799291365
0.15,0.01584893192461114,0.24542160654695946,0.11463122156473451,0.0007018407931755344,-0.00929918241053064,0.008597341617355089,0.01817726034515596,0.007315275191034176,0.010861985154121784,0.0007018407881179004,0.006175106731148571,8.7984438004923
0.15,0.01778279410038923,0.2455312593116395,0.1143340046814531,0.0008999304446963285,-0.009474980795805311,0.008575050351108983,0.018410003324792826,0.007296308078384165,0.01111369524640866,0.0008999304406183396,0.006509909722860522,7.2337921121854505
0.15,0.0199526231496888,0.24565391580279464,0.11400375416306538,0.0011212723635835586,-0.009671553925813495,0.008550281562229903,0.018670344433476854,0.007275232900164761,0.011395111533312092,0.0011212723598702094,0.00688507399327554,6.140411767639138
0.15,0.0223872113856834,0.24579106460784417,0.1136372153389157,0.0013684713947078042,-0.0098912625451264,0.008522791150418678,0.018961442253428117,0.007251841957188986,0.011709600296239131,0.001368471391918913,0.007304912375968858,5.338008831683126
0.15,0.025118864315095808,0.24594435037528273,0.11323091401723706,0.0016443923192722143,-0.01013671087056494,0.00849231855129278,0.01928678634956655,0.0072259135413700985,0.012060872808196451,0.001644392317974549,0.007774149976629609,4.7276734947322545
0.15,0.02818382931264455,0.24611558624023608,0.11278116703206245,0.0019521775222411941,-0.01041076504964588,0.008458587527404684,0.019650223585947042,0.007197212608779698,0.012453010977167344,0.0019521775215419787,0.008297929803835424,4.250602064755405
0.15,0.03162277660168379,0.24630676609284402,0.11228410068416728,0.002295263568758976,-0.010716571120071565,0.008421307551312545,0.020055984098887744,0.007165491956470343,0.0128904921424174,0.0022952635690404776,0.008881936175429886,3.869680282139855
0.15,0.03548133892335755,0.24652007627118977,0.11173567874813553,0.0026773958757543848,-0.011057571781864534,0.008380175906110164,0.020508706038276436,0.00713049400976686,0.013378212028509575,0.00267739587679819,0.00953224434066124,3.560267057727951
0.15,0.039810717055349734,0.24675790612762372,0.11113174181769923,0.0031026404530125617,-0.011437521089340048,0.008334880636327441,0.02101345790687256,0.007091953333118229,0.01392150457375433,0.003102640455930569,0.010255493940494189,3.3054084371559185
0.15,0.04466835921509633,0.2470228567584723,0.11046805978455895,0.0035753914450190605,-0.011860495928860869,0.008285104483841921,0.0215757569907103,0.007049599979071139,0.01452615701163916,0.003575391449035385,0.011058775467028183,3.0930250924026126
0.15,0.05011872336272725,0.24731774700157622,0.10974039915623995,0.004100372933770191,-0.012330902870488145,0.008230529936717997,0.022201581980714175,0.007003163784209328,0.015198418196504845,0.004100372939959644,0.011949663162209448,2.9142869044314437
0.15,0.05623413251903491,0.24764561559574497,0.10894460667477349,0.004682633170669859,-0.012853478671277965,0.008170845500608011,0.022897377440154014,0.0069523797053396615,0.01594499773481435,0.004682633178656449,0.012936233574999371,2.7625981112428417
0.15,0.06309573444801933,0.2480097181664363,0.10807671025578848,0.005327529105623674,-0.013433282374807835,0.008105753269184135,0.023670047286241468,0.006896994260994467,0.016773053025247002,0.0053275291168986974,0.014026955865806207,2.632919606448193
0.15,0.0707945784384138,0.2484135174634886,0.10713303758392893,0.006040698794387955,-0.014075676613182583,0.00803497781879467,0.024526933949732394,0.006836773099685293,0.017690160850047102,0.006040698806150662,0.015230690858583749,2.521345848774285
0.15,0.07943282347242818,0.2488606650473616,0.10611035174040367,0.006828019021795917,-0.014786295402326267,0.007958276380530276,0.025475779391574985,0.006771509655073687,0.018704269736501297,0.006828019035633212,0.016556428381615973,2.424777713010663
0.15,0.08912509381337459,0.2493549724266786,0.1050060019843768,0.0076955453208848446,-0.015570995469713092,0.00787545014882826,0.02652466374689528,0.006701034768195382,0.019823628978699895,0.0076955453371638245,0.018013515698909206,2.340771824436817
0.15,0.1,0.24990036952884576,0.10381808627289489,0.008649431550896203,-0.016435788021363237,0.007786356470467116,0.02768191711218875,0.0066252270587892435,0.02105669005339951,0.008649431569194696,0.019611220325396632,2.267342098553944
0.15,0.11220184543019641,0.25050084838494546,0.10254562033628839,0.009695826387269901,-0.01738674791249155,0.007690921525221629,0.028955999992621155,0.00654402371496701,0.022411976277654146,0.009695826407674754,0.021358650347369536,2.2028705392727583
0.15,0.12589254117941676,0.2511603900872876,0.10118870623213508,0.010840744549626524,-0.018429897517036678,0.00758915296741013,0.030355348304297442,0.006457431249607378,0.023897917054690063,0.010840744573164382,0.0232645126263028,2.146025346256448
0.15,0.1412537544622754,0.2518828734962317,0.09974869144515514,0.012089911427287159,-0.019571063285673783,0.0074811518583866345,0.03188817971497527,0.006365535653432724,0.025522644061542546,0.012089911453271377,0.02533697158876409,2.0957119236723796
0.15,0.15848931924611143,0.2526719648939064,0.09822830800596073,0.013448581025528317,-0.020815704125975387,0.007367123100447055,0.033562259636633784,0.006268511272973561,0.027293748363660223,0.013448581055379749,0.0275832828432019,2.0510180761536874
0.15,0.1778279410038923,0.2535309888553597,0.09663178003748799,0.014921328894702823,-0.022168712397514466,0.007247383502811598,0.03538462745820724,0.006166627673722526,0.02921799978448471,0.01492132892610679,0.03000947776912762,2.0111799637780363
0.15,0.19952623149688808,0.25446278205369166,0.09496488789143809,0.016511823919676483,-0.023634190511534342,0.007122366591857856,0.037361286671262796,0.006060253733048374,0.03130103293821442,0.016511823955361982,0.03262005777046173,1.9755575070717022
0.15,0.223872113856834,0.25546953351061125,0.09323497787027889,0.018222585473715636,-0.025215208813986666,0.006992623340270916,0.03949686634374395,0.0059498582606128825,0.03354700808313107,0.018222585513523216,0.03541784629835915,1.9436235473871208
0.15,0.25118864315095824,0.2565526168607344,0.09145090862531643,0.020054735327834916,-0.026913553474733634,0.006858818146898733,0.04179426575276632,0.005836006577723826,0.035958259175042494,0.020054735371313585,0.03840332252963902,1.9149254187901856
0.15,0.2818382931264455,0.2577124223549969,0.08962292872186212,0.022007756604014328,-0.02872947625815403,0.006721719654139658,0.044254298553899465,0.005719352704067849,0.038534945849831616,0.022007756650473036,0.04157455614649708,1.8890865073975394
0.15,0.31622776601683794,0.25894819834729804,0.08776248442622815,0.024079274623062585,-0.030661460955029696,0.006582186331967111,0.04687535713622184,0.0056006270914957905,0.04127473004472605,0.024079274674719344,0.04492700054278198,1.8657954257214613
0.15,0.3548133892335757,0.2602579135879527,0.08588196214501981,0.02626487630759522,-0.032706023468471665,0.006441147160876485,0.049653121152386195,0.005480620187598796,0.0441725009647874,0.02626487636362456,0.0484531595584798,1.844789173482835
0.15,0.3981071705534973,0.2616381524578542,0.08399437559115042,0.028557985417168086,-0.03485756358650443,0.006299578169336281,0.05258033592270801,0.0053601624719786,0.047220173450729416,0.02855798547918545,0.05214250193383329,1.8258466435539533
0.15,0.4466835921509635,0.2630840550120835,0.0821130129879988,0.030949809925290173,-0.03710828589938996,0.00615847597409991,0.055646685843605825,0.005240101942322462,0.050406583901283365,0.030949809986293198,0.05598143354417363,1.8087811708364683
0.15,0.5011872336272725,0.2645893121429179,0.08025106374809672,0.03342937504288579,-0.03944820482399307,0.006018829781107254,0.05883878462225467,0.005121280290632092,0.053717504331622576,0.03342937511482176,0.05995364652765244,1.793442034789052
0.15,0.5623413251903491,0.26614622325458703,0.07842124646510334,0.03598365071710935,-0.0418652442019921,0.00588159348488275,0.06214029797371859,0.005004509163257772,0.057135788810460816,0.03598365079704081,0.06403973133034535,1.7796896621621228
0.15,0.6309573444801936,0.26774581970173317,0.07663546034164365,0.03859777613685683,-0.044345435662480115,0.005747659525623274,0.06553220564284613,0.004890547916512621,0.06064165772633351,0.03859777621632044,0.06821794796778217,1.7674061734918636
0.15,0.707945784384138,0.26937805223272043,0.07490448024561708,0.041255376400588184,-0.04687321241900944,0.00561783601842128,0.06899319899766598,0.004780084156467202,0.06421311484119878,0.04125537649062401,0.07246479889825318,1.7564934576399283
0.15,0.7943282347242822,0.27103203533751513,0.07323771167766827,0.04393895883986493,-0.049431787215690054,0.00549282837582512,0.07250019912746115,0.004673718102019957,0.0678264810254412,0.04393895893804702,0.07675451560429121,1.746844200667417
0.15,0.8912509381337459,0.272696336380703,0.07164301656691724,0.04663036947492655,-0.05200359571744531,0.005373226242518792,0.0760289697499347,0.004571951467924061,0.07145701828201063,0.04663036957671382,0.08106135096486257,1.7383810529638783
0.15,1.0,0.274359293361563,0.07012661470792234,0.049311284625423335,-0.054570780728517475,0.005259496103094175,0.07955479068178095,0.0044751811749155395,0.07507960950686542,0.04931128473620201,0.08535806974770256,1.731004783273
0.15,1.1220184543019642,0.2760093426297143,0.06869305958684249,0.051963709550613524,-0.05711568901962665,0.005151979469013187,0.08305315230888519,0.004383697807041845,0.07866945450184334,0.051963709661756084,0.08961838392475355,1.7246340668920777
0.15,1.2589254117941675,0.2776353372262298,0.0673452820215743,0.05457045557170953,-0.059621351723327685,0.005050896151618072,0.08650043010362965,0.0042976883965894115,0.08220274170704024,0.054570455698145524,0.09381677193176653,1.7191861554301575
0.15,1.4125375446227555,0.2792268377706216,0.06608469097915709,0.05711556946075519,-0.06207192128419187,0.004956351823436782,0.08987450089193062,0.004217242857819286,0.08565725803411134,0.05711556960105787,0.09792895369886215,1.71457545434421
0.15,1.584893192461114,0.2807743607493738,0.0649113184110344,0.05958469359583407,-0.06445304247666164,0.00486834888082758,0.09315526879582284,0.004142363229736711,0.08901290556608613,0.05958469373817191,0.10193283104298355,1.7107217415750857
0.15,1.7782794100389228,0.2822695732305297,0.06382399399103642,0.06196534179561941,-0.06675214134494724,0.004786799549327731,0.09632507761252283,0.004072974827121505,0.09225210278540133,0.06196534195244679,0.10580821092618123,1.7075385625626043
0.15,1.9952623149688808,0.2837054278458039,0.06282053607158633,0.06424708299063253,-0.06895862319600166,0.004711540205368975,0.0993689965976238,0.0040089384265388816,0.09536005817108492,0.0642470831598526,0.10953813764662848,1.7049511395573804
0.15,2.23872113856834,0.2850762367361018,0.06189794667024891,0.06642163207445634,-0.071063978074725,0.004642346000268668,0.10227497690477622,0.003950062709548304,0.09832491419522792,0.06642163224929397,0.11310846913270882,1.7028860222553641
0.15,2.5118864315095824,0.28637768751238957,0.061052600479182526,0.06848285363579593,-0.07306179867173462,0.00457894503593869,0.10503388516199169,0.003896116324480341,0.10113776883751135,0.06848285382549821,0.11650777834859272,1.701269322763144
0.15,2.818382931264455,0.2876068077518542,0.060280420380059964,0.0704266892523236,-0.07494772078082809,0.004521031528504497,0.10763942801026202,0.0038468390870487197,0.1037925889232133,0.07042668944700962,0.11972807633075162,1.7000383983807346
0.15,3.1622776601683795,0.2887618869186509,0.05957703443051446,0.07225102234508995,-0.07671929992737847,0.004468277582288584,0.11008798644770297,0.003801951998555701,0.10628603444914728,0.07225102255672539,0.12276368507132715,1.6991273026612668
0.15,3.548133892335757,0.28984236583339773,0.058937911534318786,0.07395549621862285,-0.0783758395836967,0.004420343365073909,0.1123783814362197,0.0037611659037837756,0.10861721553243592,0.07395549643703758,0.12561271562785106,1.6984906015037318
0.15,3.981071705534973,0.29084870402232055,0.058358474876640705,0.0755413010227663,-0.07991818663851469,0.004376885615748053,0.1145115926633696,0.003724188729949369,0.11078740393342024,0.07554130125069572,0.12827438945934963,1.698069629931987
0.15,4.4668359215096345,0.29178223465638886,0.0578341936396528,0.07701094427806587,-0.08134850880103986,0.00433756452297396,0.1164904510352402,0.003690731339600203,0.11279971969564,0.07701094451358209,0.1307515904207395,1.6978312790031993
0.15,5.011872336272725,0.29264501558788486,0.05736065451736824,0.07836801767734497,-0.08267006676614758,0.004302049088802618,0.11831932292588818,0.003660512094389772,0.1146588108314984,0.0783680179325195,0.1330479690107828,1.697732984970306
0.15,5.623413251903491,0.29343968345249893,0.056933615168532806,0.07961697047919297,-0.08388699161683294,0.00427002113763996,0.1200038009461501,0.0036332602662099136,0.11637054067994018,0.07961697073576592,0.13516931580890604,1.6977450229487898
0.15,6.309573444801936,0.2941693161451731,0.056549042051704565,0.08076289726369579,-0.08500407541757335,0.004241178153877842,0.12155041247692923,0.003608718451664985,0.11794169402526425,0.08076289752511678,0.13712274001252575,1.6978432450356475
0.15,7.07945784384138,0.29483730736609104,0.05620313515303135,0.08181134537394275,-0.08602658051042016,0.0042152351364773515,0.12296635379647466,0.003586644150094277,0.1193797096463804,0.08181134564167569,0.1389159781758743,1.6980038292526118
0.15,7.943282347242821,0.29544725548533757,0.05589234201648286,0.08276814518624176,-0.086960070837478,0.004191925651236214,0.12425925456321096,0.0035668106589187877,0.12069244390429218,0.08276814546769078,0.14055716549390948,1.6982036349814933
0.15,8.91250938133746,0.29600286775731577,0.055613363280092074,0.08363926453153536,-0.08781026677754218,0.004171002246006905,0.12543697483616315,0.0035490074269432436,0.12188796740921991,0.08363926481333459,0.14205619283295207,1.6984390423563849
0.15,10.0,0.29650787995460287,0.055363151659120466,0.08443068716375013,-0.08858292353818427,0.004152236374434035,0.12650743477811846,0.0035330399894650546,0.12297439478865341,0.08443068745232224,0.14342109727994518,1.6986844666038594
0.15,11.220184543019629,0.2969659907809597,0.05513890603417645,0.08514831412675666,-0.0892837320793199,0.004135417952563234,0.1274784756825858,0.003518729591002326,0.12395974609158347,0.08514831443348411,0.14466187271362974,1.6989399458592482
0.15,12.589254117941687,0.29738080994029414,0.05493806202403651,0.08579788617076384,-0.08991824082256686,0.004120354651802738,0.1283577499426754,0.003505912583693477,0.12485183735898192,0.08579788648807359,0.1457877935051836,1.6992002888724882
0.15,14.125375446227554,0.29775581844746923,0.05475828016471375,0.08638492495656863,-0.09049179596892235,0.004106871012353531,0.1291526369639035,0.003494439672933568,0.12565819729096994,0.08638492525866355,0.14680714503867043,1.6994532853861228
0.15,15.848931924611142,0.2980943396291379,0.05459743258661434,0.08691469060244489,-0.09100949804644151,0.004094807443996076,0.1298701817314161,0.003484175067169872,0.12638600666424624,0.0869146909382647,0.14772883220136498,1.6996992177800692
0.15,17.78279410038923,0.2983995192404758,0.05445358888372487,0.08739215311611065,-0.09147617228238974,0.004084019166279365,0.1305170526951131,0.003474995576130258,0.12704205711898284,0.08739215343235857,0.14856078418591587,1.6999327554149557
0.15,19.952623149688787,0.29867431318303334,0.05432500170265471,0.08782197536194503,-0.09189635048964429,0.004074375127699103,0.13109951576212156,0.0034667896911829803,0.1276327260709386,0.08782197568385332,0.149311402672994,1.7001599145354451
0.15,22.387211385683422,0.29892148142147135,0.0542100924429201,0.088208505398787,-0.09227426233200606,0.0040657569332190075,0.13162342142473993,0.0034594566727828235,0.1281639647519571,0.08820850573799825,0.1499868416671446,1.7003671064629953
0.15,25.11886431509582,0.29914358684020076,0.0541074373499128,0.08855577625227168,-0.09261383405351506,0.00405805780124346,0.1320942023556671,0.0034529056629892265,0.12864129669267788,0.08855577658176676,0.1505948982052418,1.7005654968898847
0.15,28.18382931264455,0.29934299793769986,0.05401575419493927,0.08886751143241406,-0.09291869299703481,0.004051181564620445,0.13251687913462118,0.0034470548354413664,0.12906982429917982,0.08886751173615169,0.15114097320745826,1.700744965789038
0.15,31.622776601683793,0.2995218944143926,0.05393388966891153,0.08914713475373781,-0.09319217647890655,0.004045041725168365,0.13289607210557042,0.003441830590876098,0.1294542415146943,0.08914713510526534,0.1516317889248762,1.7009160052740753
0.15,35.481338923357534,0.29968227486109866,0.05386080756434994,0.08939778324961478,-0.09343734381694022,0.004039560567326245,0.13323601768411156,0.003437166802954915,0.12979885088115664,0.08939778352842716,0.15207204611100136,1.7010717727989837
0.15,39.81071705534978,0.29982596589413296,0.053795577781298246,0.0896223221871989,-0.0936569905207956,0.004034668333597368,0.13354058772927185,0.0034330041166714797,0.13010758361260039,0.08962232255877044,0.1524656956570803,1.7012022373901312
0.15,44.668359215096345,0.2999546322074025,0.05373736616395966,0.08982336138055791,-0.09385366384285612,0.0040303024622969745,0.1338133108573775,0.0034292892997642888,0.1303840215576132,0.08982336174055461,0.15281931096280837,1.7013314576692307
0.15,50.11872336272725,0.3000697871203194,0.05368542515416494,0.09000327216598808,-0.09402967905255111,0.00402640688656237,0.13405739480550938,0.0034259746462587367,0.13063142015925064,0.09000327252947699,0.15313612166528712,1.7014505957562096
0.15,56.23413251903491,0.3001728032931331,0.053639085233364484,0.09016420454549878,-0.09418713593800095,0.004022931392502336,0.13427574914870263,0.00342301743034112,0.1308527317183615,0.09016420485361477,0.1534188886251247,1.7015498431357152
0.15,63.09573444801943,0.30026492335928506,0.05359774711525751,0.09030810412360624,-0.09432793515725221,0.004019831033644314,0.1344710078403407,0.0034203794081206023,0.1310506284322201,0.09030810445614866,0.15367069058414534,1.7016267976122117
0.15,70.79457843841388,0.30034727028897124,0.053560874645251465,0.09043672856090501,-0.0944537941592982,0.00401706559839386,0.13464555118205337,0.003418026364494147,0.13122752481755923,0.0904367289373519,0.15389832924639224,1.7017237471404125
0.15,79.43282347242821,0.3004208573507584,0.0535279883597424,0.09055166334790321,-0.0945662624748827,0.00401459912698068,0.1348015269410235,0.003415927702146526,0.13138559923887697,0.09055166369221555,0.15410307812048057,1.701824923330794
0.15,89.12509381337459,0.3004865975803612,0.053498659657063206,0.09065433676685586,-0.0946667362411365,0.00401239947427974,0.1349408704221595,0.003414056069549737,0.13152681435260977,0.09065433721953828,0.15428219303972038,1.7018732668696706
0.15,100.0,0.30054531269925233,0.05347250553218262,0.09074603395991598,-0.0947564718748337,0.004010437914913696,0.13506532337371782,0.0034123870249564195,0.1316529363487614,0.0907460343070572,0.15444692386474676,1.7019688523483567
0.15,112.20184543019653,0.3005977414518559,0.053449183828557595,0.09082791006137719,-0.09483659884852016,0.0040086887871418194,0.13517645166021403,0.003410898733390721,0.1317655529268233,0.09082791041188656,0.1545883034254441,1.7019911910823093
0.15,125.89254117941688,0.3006445473500976,0.05342838896250339,0.09090100238179943,-0.09490813155398703,0.004007129172187754,0.1352756616788944,0.003409571693812859,0.13186608998508154,0.0909010028293338,0.15472008303277815,1.70207234482621
0.15,141.25375446227554,0.30068632582904786,0.05340984807786152,0.09096624165432898,-0.09497198026016739,0.004005738605839614,0.1353642155277374,0.0034083884937065366,0.13195582703403086,0.09096624183159019,0.154834405638861,1.7021084143006893
0.15,158.48931924611142,0.30072361082842525,0.053393317591419354,0.09102446236972556,-0.09502896118908243,0.004004498819356451,0.13544324495632953,0.0034073335886330627,0.13203591136769646,0.09102446265374411,0.15493636693376403,1.7021398689618195
0.15,177.82794100389228,0.30075688082241003,0.05337858009229528,0.09107641223813129,-0.09507980574505817,0.004003393506922146,0.13551376414723756,0.0034063931043581217,0.13210737104287945,0.09107641253137193,0.15503060358126147,1.7022036691208062
0.15,199.5262314968883,0.30078656432545836,0.05336544156134155,0.09112276082314363,-0.09512516894023924,0.004002408117100616,0.13557668138659232,0.0034055546593937318,0.13217112672719858,0.0911227611491376,0.15510899131574646,1.7021981046193795
0.15,223.87211385683423,0.3008130449050581,0.05335372887931328,0.09116410739828673,-0.09516563706423345,0.004001529665948495,0.13563280968949487,0.003404807206031747,0.13222800248346311,0.09116410759437635,0.15518504946059883,1.7022603912394547
0.15,251.18864315095823,0.3008366657339505,0.05334328759526756,0.09120098807850469,-0.09520173464815201,0.004000746569645067,0.1356828764492012,0.003404140887862006,0.1322787355613392,0.09120098865968695,0.15524802051239642,1.702262473181059
0.15,281.8382931264455,0.30085773371511687,0.05333397992908611,0.09123388227951484,-0.09523393077419365,0.004000048494681458,0.1357275321806784,0.0034035469123372434,0.13232398526834116,0.09123388232990275,0.15529874555943987,1.702204724752125
0.15,316.22776601683796,0.3008765232123694,0.053325682984469394,0.09126321855748332,-0.09526264478132028,0.003999426223835204,0.13576735842815058,0.0034030174367558346,0.13236434099139474,0.09126321918516458,0.1553553766936329,1.7022780708450715
0.15,354.81338923357606,0.30089327941851607,0.05331828715090747,0.09128937987984242,-0.09528825141615868,0.0039988715363180605,0.1358028749044119,0.003402545466228246,0.13240032943818364,0.0912893802144048,0.155404763997487,1.7023312419527772
0.15,398.1071705534977,0.3009082213918852,0.05331169467516603,0.09131270837563854,-0.09531108547627232,0.0039983771006374515,0.13583454592716152,0.0034021247625686045,0.13243242116459292,0.09131270863649242,0.15545170136628378,1.7024103620134943
0.15,446.6835921509635,0.3009215447902013,0.05330581838477597,0.0913335096115031,-0.09533144599036124,0.003997936378858198,0.1358627862138206,0.003401749762805305,0.1324610364510153,0.09133350953379142,0.1554877992786797,1.7024178756774104
0.15,501.18723362727246,0.300933424329192,0.05330058054765075,0.09135205643622035,-0.09534959997730211,0.0039975435410738065,0.13588796609287201,0.003401415506407509,0.1324865505864645,0.09135205654180957,0.15550837999920458,1.7022975276756058
0.15,562.341325190349,0.30094401599138043,0.053295911853603536,0.09136859243402418,-0.09536578582304434,0.003997193389020265,0.13591041618567418,0.003401117570277565,0.13250929861539662,0.09136859295658363,0.15554351881915893,1.702374019189174
0.15,630.9573444801943,0.3009534590087053,0.053291750504943364,0.09138333502366086,-0.09538021631153362,0.003996881287870752,0.13593043160887072,0.00340085201077298,0.13252957959809775,0.0913833364893413,0.15557874703539404,1.7024848622542943
0.15,707.9457843841387,0.30096187764062654,0.053288041404637554,0.09139647823755997,-0.09539308134291796,0.003996603105347816,0.13594827574329993,0.003400615311832834,0.1325476604314671,0.09139647908189001,0.15559172912567068,1.702382090520824
0.15,794.3282347242822,0.3009693827677673,0.05328473543170133,0.09140819521229387,-0.09540455036964317,0.0039963551573776,0.13596418361191,0.003400404338720749,0.13256377927318927,0.0914081960898261,0.15562116747089533,1.702485927169678
0.15,891.2509381337459,0.3009760733194209,0.05328178879451345,0.09141864041883047,-0.09541477457840977,0.003996134159588508,0.13597836490552126,0.0034002162969310875,0.13257814860859019,0.09141864042174354,0.15563110857694254,1.7024001654254128
0.15,1000.0,0.30098203755122055,0.053279162453867254,0.09142795165923218,-0.09542388884326947,0.003995937184040044,0.13599100669099962,0.0034000486950885784,0.13259095799591103,0.09142795221056402,0.1556432165957944,1.702359211079548
0.4,0.001,0.28149040015684385,0.2576118053956749,-0.006556606184663694,-0.044965754894471285,0.051522361079134986,0.09386547349974078,0.04383916175028658,0.050026311749454204,-0.006556609244801201,0.06641386928175061,10.129301107033458
0.4,0.001122018454301963,0.2814888788062395,0.25758137961247873,-0.006550140613537758,-0.04496613530895793,0.05151627592249575,0.09386235498603852,0.043833984034036814,0.05002837095200171,-0.006550143343712287,0.06168590942311477,9.417489997731002
0.4,0.0012589254117941675,0.28148717578444515,0.2575472575895177,-0.006542884815085581,-0.04496656670281796,0.05150945151790354,0.09385886429468727,0.0438281773091411,0.05003068698554618,-0.006542887252467172,0.057477360766616185,8.784709035746076
0.4,0.001412537544622754,0.2814852699442568,0.2575089925148838,-0.006534742032717145,-0.04496705647025957,0.05150179850297676,0.09385495816014944,0.04382166553925657,0.050033292620892865,-0.00653474420879591,0.053732401174237554,8.222571451521018
0.4,0.001584893192461114,0.2814831378199212,0.2574660841381716,-0.006525603619046416,-0.0449676132085879,0.05149321682763433,0.09385058858860365,0.043814363594129366,0.050036224994474285,-0.006525605562783248,0.0504013370280701,7.723626036412371
0.4,0.0017782794100389228,0.28148075341097917,0.25741797252757254,-0.006515347563809393,-0.04496824694170507,0.05148359450551451,0.09384570242169578,0.04380617618720565,0.05003952623449013,-0.006515349299498493,0.04743998822874375,7.2812655236144215
0.4,0.001995262314968879,0.28147808795674023,0.25736403113580575,-0.006503836836994348,-0.04496896939016685,0.051472806227161154,0.0938402408825303,0.0437969966956251,0.05004324418690521,-0.00650383838768155,0.04480899369361611,6.88962286924066
0.4,0.00223872113856834,0.2814751097043167,0.25730355910882374,-0.006490917523406803,-0.044969794298358026,0.05146071182176475,0.09383413911076013,0.04378670585135206,0.050047433259408074,-0.006490918908979549,0.04247348653575721,6.5435244425869055
0.4,0.0025118864315095794,0.2814717836747355,0.25723577276717036,-0.006476416721748535,-0.044970737831685474,0.05144715455343407,0.09382732569642006,0.0437751702915136,0.050052155404906463,-0.0064764179592927944,0.040402437453770916,6.238392535459948
0.4,0.002818382931264455,0.28146807143336655,0.2571597961870816,-0.006460140177680929,-0.044971819059735386,0.05143195923741633,0.09381972222607933,0.043762240955536096,0.050057481270543235,-0.006460141284318441,0.03856835885589665,5.970203616060031
0.4,0.0031622776601683794,0.28146393087329574,0.25707465080629727,-0.006441869616257367,-0.044973060545002094,0.051414930161259455,0.09381124285975861,0.04374775131631029,0.05006349154344832,-0.0064418706067001456,0.03694695030136678,5.7354381292506105
0.4,0.0035481338923357532,0.28145931602317564,0.2569792439790861,-0.006421359734466003,-0.04497448906135132,0.051395848795817226,0.09380179396338224,0.04373151543254034,0.0500702785308419,-0.006421360620115614,0.035516682383538715,5.531021302911851
0.4,0.003981071705534973,0.2814541768948903,0.25687235640623574,-0.0063983348093554215,-0.04497613647189168,0.05137447128124715,0.09379127382939662,0.04371332580963809,0.050077948019758525,-0.006398335602960705,0.03425848762261676,5.354281136294932
0.4,0.0044668359215096305,0.2814484593909646,0.25675262837007407,-0.006372484871258188,-0.04497804080275661,0.05135052567401482,0.09377957252826813,0.04369295105726497,0.05008662147100316,-0.006372485580933811,0.033155709677583065,5.202947775477664
0.4,0.005011872336272725,0.2814421052976748,0.2566185447117793,-0.006343461384915705,-0.044980247557440206,0.05132370894235586,0.09376657194582984,0.04367013333284039,0.05009643861298945,-0.006343462021482879,0.03219366230306645,5.075093410197591
0.4,0.005623413251903491,0.2814350523969904,0.256468418500694,-0.006310872373773424,-0.04498281132636539,0.05129368370013881,0.09375214607699484,0.04364458556246307,0.05010756051453177,-0.006310872946000263,0.031359612914203354,4.9691402730708765
0.4,0.00630957344480193,0.2814272347395189,0.2563003733632888,-0.006274276914312704,-0.04498579775834503,0.051260074672657766,0.09373616166527768,0.043615988433737735,0.050120173231539944,-0.0062742774273748005,0.030642371012592876,4.883808752048417
0.4,0.00707945784384138,0.2814185831316213,0.25611232446501137,-0.0062331789180012365,-0.04498928597500101,0.05122246489300228,0.09371847930080275,0.04358398715935559,0.05013449214144716,-0.006233179378448201,0.03003242030855526,4.818154345500653
0.4,0.007943282347242814,0.2814090259032184,0.25590195817325967,-0.006187020108301411,-0.044993371526350495,0.051180391634651934,0.09369895511768184,0.04354818801623501,0.05015076710144683,-0.006187020519991251,0.029521621335206798,4.771540879784983
0.4,0.008912509381337459,0.281398490038917,0.25566671047634676,-0.006135172089270169,-0.04499817000599911,0.05113334209526935,0.09367744326556032,0.04350815467296288,0.05016928859259744,-0.006135172461208945,0.029103098640717827,4.743648010667823
0.4,0.01,0.28138690277424344,0.25540374429437857,-0.0060769273908214405,-0.04500382146805426,0.051080748858875716,0.09365379937060139,0.04346340432866698,0.05019039504193441,-0.006076927724790794,0.028771197847273357,4.734497290448496
0.4,0.011220184543019636,0.2813741937814248,0.2551099258962475,-0.006011489364067646,-0.045010495815181864,0.051021985179249496,0.09362788524880432,0.043413403699770765,0.05021448154903355,-0.006011489665556495,0.028521480166487093,4.744494585078323
0.4,0.012589254117941675,0.2813602980954416,0.2547818007361155,-0.0059379607888936925,-0.04501839935832938,0.0509563601472231,0.09359957518999498,0.04335756490796043,0.05024201028203455,-0.005937961061774647,0.02835035199041658,4.774425378590081
0.4,0.014125375446227547,0.2813451599612,0.25441556914630115,-0.005855331045940604,-0.04502778278331963,0.05088311382926023,0.09356876419420361,0.04329524134371511,0.0502735228504885,-0.005855331292010807,0.028255432484729972,4.8255907438205154
0.4,0.01584893192461114,0.28132873781645207,0.2540070624753199,-0.005762461697825072,-0.045038950797238894,0.05080141249506398,0.09353537861317283,0.04322572360559083,0.050309655007582006,-0.005762461920242906,0.028235246806824457,4.899858289325451
0.4,0.01778279410038923,0.2813110106619806,0.2535517204438441,-0.00565807032159088,-0.04505227376717794,0.05071034408876882,0.09349938972731041,0.04314823564676492,0.05035115408054549,-0.005658070521833996,0.028289177987838015,4.999792398958721
0.4,0.0199526231496888,0.28129198610947787,0.2530445707107769,-0.005540712438743101,-0.04506820170341221,0.05060891414215538,0.09346083087007029,0.0430619312976866,0.050398899572383686,-0.005540712620987192,0.028417617090801584,5.128874033849169
0.4,0.0223872113856834,0.28127171043651783,0.25248021189905956,-0.0054087614043970555,-0.045087280975414847,0.050496042379811916,0.09341981879346793,0.04296589137748938,0.05045392741597855,-0.0054087615692231155,0.028621766648369205,5.291741239109617
0.4,0.025118864315095808,0.28125028101402616,0.2518528016268412,-0.005260386147925178,-0.04511017417744304,0.05037056032536824,0.09337658004364119,0.04285912165719132,0.050517458386449866,-0.005260386296512662,0.028903796064607072,5.494614736520139
0.4,0.02818382931264455,0.28122786150006307,0.2511560514224973,-0.005093526710346907,-0.045137683574152564,0.050231210284499464,0.09333148317451327,0.04274055199435752,0.05059093118015575,-0.005093526846806982,0.029266635205753903,5.745848816738936
0.4,0.03162277660168379,0.2812047002081962,0.2503832307654321,-0.004905867606607328,-0.04517077854647903,0.05007664615308643,0.09328507765692245,0.04260903702074433,0.05067604063617812,-0.004905867730902571,0.0297142068621982,6.056870770287043
0.4,0.03548133892335755,0.2811811520503979,0.2495271828771779,-0.004694809163762914,-0.04521062741167268,0.049905436575435586,0.0932381403216031,0.04246335882955465,0.050774781492048456,-0.004694809276874407,0.03025127710223044,6.443558261512676
0.4,0.039810717055349734,0.2811577044117908,0.24858035526958366,-0.00445743716071767,-0.045258633893198986,0.04971607105391673,0.09319173008282858,0.04230223217398377,0.05088949790884481,-0.004457437261671976,0.030883468560896802,6.928525685925746
0.4,0.04466835921509633,0.2811350072233267,0.2475348484094831,-0.004190491334931101,-0.04531647834696543,0.04950696968189662,0.09314725149488952,0.04212431274874397,0.05102293874614555,-0.004190491429704403,0.0316172968167926,7.545009301933564
0.4,0.05011872336272725,0.2811139073412298,0.24638248614091057,-0.003890333640639898,-0.045386163587542244,0.049276497228182115,0.09310652735946842,0.041928209174184335,0.05117831818528409,-0.0038903337265701415,0.03246020185381731,8.34380907532974
0.4,0.05623413251903491,0.2810954870993118,0.24511491166072805,-0.003552917555191659,-0.04547006477695397,0.04902298233214561,0.09307188008702294,0.04171249932897011,0.05135938075805283,-0.0035529176336132717,0.033420399463328566,9.406466152535163
0.4,0.06309573444801933,0.2810811065515081,0.24372371280058103,-0.0031737602455507163,-0.04557098231456543,0.04874474256011621,0.0930462207764613,0.04147575166997544,0.051570469106485856,-0.0031737603168265566,0.03450696947828046,10.872582058365387
0.4,0.0707945784384138,0.2810724484483962,0.24220058004110478,-0.002747920029637252,-0.04569219597858372,0.04844011600822096,0.09303314397494979,0.041216552122395445,0.05181659185255434,-0.00274792009244359,0.035729716338272925,13.002458272540322
0.4,0.07943282347242818,0.28107156437973063,0.24053749997523358,-0.0022699822887169985,-0.045837517706329704,0.04810749999504672,0.09303702478588961,0.04093353700241898,0.05210348778347063,-0.002269982347415568,0.037099232287642066,16.34340122947673
0.4,0.08912509381337459,0.28108091976317073,0.2387269857430044,-0.0017340577808384605,-0.04601133936776244,0.047745397148600884,0.09306311340402795,0.04062543223153717,0.052437681172490785,-0.0017340578325624003,0.038626397015656004,22.275149242616756
0.4,0.1,0.2811034344840665,0.23676234418406933,-0.0011337981183137669,-0.04621867071850004,0.04735246883681387,0.09311762030798834,0.04029109879929706,0.05282652150869128,-0.0011337981652447676,0.04032279848450191,35.56435326899379
0.4,0.11220184543019641,0.2811425150364524,0.23463797702501804,-0.0004624339172445424,-0.04646516148775899,0.04692759540500361,0.09320778332586471,0.03992958401793987,0.053278199307924844,-0.0004624339579996694,0.04219999775610306,91.25626919494789
0.4,0.12589254117941676,0.2812020730616599,0.23234971031509127,0.0002871583237167852,-0.046757100386735036,0.04646994206301826,0.09334190577924,0.039540177584216143,0.05380172819502385,0.0002871582873037504,0.044269585859043364,154.16440275747942
0.4,0.1412537544622754,0.2812865243518374,0.22989514260422542,0.0011223543751756049,-0.04710138289602071,0.04597902852084509,0.09352935316693606,0.03912247083068287,0.05440688233625319,0.0011223543420413346,0.046542596734257986,41.468718915994444
0.4,0.15848931924611143,0.28140076185024776,0.22727399819146288,0.0020506396093316615,-0.04750543924762422,0.045454799638292576,0.09378049472964944,0.03867641683985169,0.05510407788979775,0.0020506395820330103,0.049029386180880555,23.909314250275358
0.4,0.1778279410038923,0.281550096146187,0.22448846746848639,0.003079420851438752,-0.04797711434513608,0.04489769349369728,0.09410657617940892,0.03820238836224608,0.05590418781716284,0.0030794208308648685,0.05173910808346234,16.801571115218827
0.4,0.19952623149688808,0.28174015765624827,0.22154351240431414,0.004215790285847454,-0.04852449276671033,0.04430870248086283,0.09451951136191218,0.03770122980234516,0.05681828155956702,0.00421579027027326,0.05467897093979685,12.970040593659006
0.4,0.223872113856834,0.2819767563150615,0.21844711216677998,0.005466242300455171,-0.04915566473381125,0.043689422433355996,0.0950315840873494,0.037174299017289,0.057857285070060396,0.005466242289573375,0.057854159121980955,10.583899515821921
0.4,0.25118864315095824,0.28226569730857626,0.2152104224523026,0.006836348665544945,-0.049878433156005465,0.04304208449046052,0.09565505711268396,0.03662349443086664,0.05903156268181732,0.006836348657399079,0.061266930957280474,8.961937728405703
0.4,0.2818382931264455,0.2826125551814931,0.2118478229985601,0.008330402932156922,-0.05069996753186894,0.04236956459971202,0.09640169330444373,0.03605126311899945,0.06035043018544428,0.008330402927582909,0.0649162071121095,7.792685140974944
0.4,0.31622776601683794,0.28302241335559375,0.20837683155565515,0.009951050961430619,-0.05162641727256173,0.04167536631113103,0.09728220396826509,0.03546058616975934,0.06182161779850575,0.009951050963085486,0.06879723771945084,6.913565006818048
0.4,0.3548133892335757,0.2834995812921469,0.20481786957114945,0.011698930350139858,-0.052662504264369664,0.04096357391422989,0.09830565031865542,0.03485493880875326,0.06345071150990216,0.011698930356292953,0.0729010585910202,6.231429401732108
0.4,0.3981071705534973,0.28404730657081495,0.20119387484083534,0.013572346264166812,-0.05381112123233399,0.04023877496816707,0.09947883470616789,0.034238224481859876,0.06524061022430802,0.013572346273527262,0.0772143695601791,5.6890951648341765
0.4,0.4466835921509635,0.28466750321838075,0.1975297686821424,0.015567013792070095,-0.05507296752849853,0.039505953736428484,0.100805726781755,0.03361468418131163,0.06719104260044337,0.015567013807885239,0.08171945683183067,5.249526841842775
0.4,0.5011872336272725,0.28536051983612637,0.19385179854147452,0.017675896435718152,-0.056446256144013066,0.038770359708294906,0.10228697442659523,0.03298878457371485,0.06929818985288039,0.01767589645705692,0.08639443099882596,4.8876972779693935
0.4,0.5623413251903491,0.2861249707114851,0.19018678966635877,0.019889166139633485,-0.057926524072905244,0.03803735793327176,0.1039195484620304,0.03236509065314449,0.07155445780888592,0.01988916616231264,0.09121334021773127,4.586081662416224
0.4,0.6309573444801936,0.28695764975328536,0.18656134970766622,0.022194302246325792,-0.05950657218785907,0.03731226994153324,0.10569656302792266,0.03174813038410343,0.07394843264381923,0.02219430227773596,0.09614688787181815,4.332052734465419
0.4,0.707945784384138,0.28785354084168724,0.18300107620034764,0.02457633555457639,-0.061176550794645936,0.03660021524006953,0.10760730025654604,0.031142259834332334,0.0764650404222137,0.024576335589394652,0.10116307779486396,4.116279964801528
0.4,0.7943282347242822,0.28880592966328894,0.17952981768346143,0.027018230526772158,-0.06292419406346444,0.03590596353669229,0.1096374498108656,0.030551537435701943,0.07908591237516366,0.027018230566187785,0.10622820044294037,3.9317230705655697
0.4,0.8912509381337459,0.2898066124191999,0.17616903446279497,0.029501385406806746,-0.06473519229936578,0.035233806892559,0.11176955335464751,0.029979615201811527,0.08178993815283599,0.02950138545068692,0.11130715312014242,3.7729466402924716
0.4,1.0,0.29084618734432083,0.17293729531499366,0.032006218503955686,-0.06659367756695421,0.03458745906299873,0.113983624031535,0.02942965307947151,0.08455397095206349,0.032006218554233745,0.11636553431108806,3.635716419104917
0.4,1.1220184543019642,0.29191440715868855,0.16984993321497335,0.03451280087479386,-0.06848278751778861,0.03396998664299467,0.1162578945107009,0.028904260362019964,0.08735363414868094,0.034512800934406104,0.1213692912301489,3.516645648691898
0.4,1.2589254117941675,0.29300056549855036,0.16691886838625244,0.037001492216490905,-0.07038526589374133,0.03338377367725049,0.11856963645758813,0.028405465576860404,0.09016417088072773,0.03700149227939769,0.12628638645785553,3.4130079269308653
0.4,1.4125375446227555,0.2940938886502731,0.16415259268559618,0.03945353829218751,-0.07228405682930672,0.032830518537119234,0.12089599068330094,0.02793471382811704,0.0929612768551839,0.0394535383673978,0.1310873351019182,3.322574869742011
0.4,1.584893192461114,0.29518390553864426,0.1615562973120398,0.041851594138372084,-0.07416285360077983,0.03231125946240796,0.12321475071853641,0.027492888529551698,0.09572186218898471,0.041851594212693286,0.13574552870616227,3.2434972014755803
0.4,1.7782794100389228,0.2962607733585306,0.1591321172716086,0.04418014648707502,-0.0760065699413966,0.03182642345432172,0.12550505199054818,0.027080353006418218,0.09842469898412996,0.04418014657936393,0.1402381995692054,3.1742357241229517
0.4,1.9952623149688808,0.2973155425600127,0.1568794614237566,0.04642581973055898,-0.07780171201531053,0.03137589228475132,0.12774793219228567,0.02669700666120725,0.10105092553107842,0.04642581982750289,0.14454596715518028,3.11348227542878
0.4,2.23872113856834,0.29834035202154113,0.1547953961097514,0.04857756077761488,-0.07953663999956519,0.03095907922195028,0.12992674353256145,0.026342350257714597,0.10358439327484685,0.048577560886756646,0.14865381207856115,3.06013330774472
0.4,2.5118864315095824,0.29932855215678017,0.15287505264391646,0.05062670795393415,-0.08120171848271727,0.030575010528783295,0.13202741219307407,0.0260155552659805,0.10601185692709357,0.050626708065065106,0.1525502892086924,3.0132373808037407
0.4,2.818382931264455,0.3002747596089563,0.15111203338882356,0.05256695676197737,-0.08278936343974197,0.030222406677764713,0.1340385528222975,0.02571553296624868,0.10832301985604884,0.05256695688233186,0.15622778316215766,2.971976930524334
0.4,3.1622776601683795,0.3011748516109445,0.1494987967345042,0.05439424039895052,-0.0842939997458515,0.02989975934690084,0.13595145525233268,0.025440999962912453,0.11051045528942023,0.054394240523873566,0.15968249049196365,2.9356507040828927
0.4,3.548133892335757,0.30202591086153785,0.14802700717460515,0.05610654543504079,-0.08571194686996182,0.029605401434921033,0.13775996647889918,0.025190537758823142,0.11256942872007604,0.05610654557133093,0.16291333874470845,2.9036422949544978
0.4,3.981071705534973,0.3028261329778059,0.14668784214903982,0.05770368330639719,-0.08704125173620533,0.029337568429807965,0.13946029348857236,0.024962644972326517,0.11449764851624585,0.05770368345490228,0.16592228347475943,2.8754192720545175
0.4,4.4668359215096345,0.3035747084930717,0.14547225197898406,0.0591870367986892,-0.08828148719448597,0.029094450395796813,0.14105075230975844,0.02475578157177184,0.1162949707379866,0.05918703694709976,0.1687139365091061,2.8505217563078786
0.4,5.011872336272725,0.3042716903280086,0.14437117285824055,0.06055929807137117,-0.08943353264301933,0.028874234571648113,0.14253148644321595,0.024568405121379824,0.11796308132183612,0.060559298237994684,0.1712944745900038,2.8285412739894378
0.4,5.623413251903491,0.30491785602769655,0.14337569546462486,0.061824211549427355,-0.0904993506423524,0.028675139092924976,0.14390417435504838,0.02439899947473084,0.11950517488031753,0.06182421172500588,0.17367197383597027,2.8091255673175954
0.4,6.309573444801936,0.30551457214868716,0.14247719341432408,0.06298633164202844,-0.09148177032489324,0.028495438682864818,0.14517174166456942,0.024246096634522804,0.12092564503004662,0.06298633181760341,0.1758555447112942,2.7919635837905092
0.4,7.07945784384138,0.30606366624723524,0.14166741666355392,0.06405080206793862,-0.09238428540064945,0.028333483332710786,0.14633808956053573,0.024108292647224572,0.12222979691331116,0.06405080226371616,0.17785542261235474,2.7767868055745994
0.4,7.943282347242821,0.30656731013641436,0.14093855524885235,0.06502316078539783,-0.09321087183516823,0.02818771104977047,0.14740784719909777,0.02398425845009764,0.12342358874900014,0.06502316097748782,0.1796821990584212,2.7633568771076873
0.4,8.91250938133746,0.3070279165484039,0.14028327862559653,0.06590917224419957,-0.09396582796931885,0.028056655725119308,0.14838615259211796,0.02387274656564048,0.12451340602647748,0.06590917244086485,0.18134692468149965,2.7514671777165476
0.4,10.0,0.30744805010335846,0.1396947554649005,0.06671468692371552,-0.0946536380166958,0.027938951092980103,0.14927846387916227,0.023772594470530276,0.125505869408632,0.06671468713365397,0.1828605225494179,2.7409335246237645
0.4,11.220184543019629,0.3078303525502254,0.13916665822172616,0.06744552686154087,-0.09527885850588601,0.027833331644345233,0.1500904008948475,0.023682725373002304,0.12640767552184518,0.0674455270818156,0.18423438906586356,2.731602776895432
0.4,12.589254117941687,0.3081774815825111,0.13869315618017466,0.0681073950497793,-0.09584602628581462,0.027738631236034934,0.15082761554176166,0.023602147029332537,0.12722546851242914,0.06810739526729953,0.1854787467670535,2.723327562874917
0.4,14.125375446227554,0.3084920621033329,0.13826890007600837,0.06870580610179772,-0.09635958611699959,0.027653780015201676,0.15149568857292056,0.02352994912696713,0.12796573944595344,0.06870580631738589,0.18660446771651473,2.71599268997
0.4,15.848931924611142,0.3087766485736487,0.13788900082937583,0.06924603539172952,-0.09682383555760532,0.027577800165875167,0.15210004988017292,0.023465299665362448,0.12863475021481047,0.06924603561766177,0.18762000235411572,2.709469223480885
0.4,17.78279410038923,0.3090336969805932,0.13754900441332413,0.06973308386851823,-0.0972428847511829,0.027509800882664828,0.15264591918125486,0.023407440679222083,0.1292384785020328,0.06973308409886858,0.18853689120937644,2.703693571649091
0.4,19.952623149688787,0.30926554496929987,0.13724486444467676,0.07017165588251284,-0.09762062877144823,0.027448972888935354,0.15313826401338876,0.02335568357414789,0.12978258043924087,0.07017165610991448,0.18936217293372745,2.6985564176669428
0.4,22.387211385683422,0.3094743987576264,0.13697291371400372,0.07056614758436591,-0.09796073032716716,0.027394582742800745,0.1535817721037148,0.023309404281738645,0.13027236782197615,0.0705661477860536,0.19010448893489257,2.6939898931604143
0.4,25.11886431509582,0.3096623255719587,0.13672983556653168,0.07092064372353857,-0.09826661083684447,0.027345967113306335,0.1539808354395658,0.023268038389330007,0.1307127970502358,0.07092064397941436,0.19077290117956908,2.6899488001680214
0.4,28.18382931264455,0.3098312504832501,0.13651263579926048,0.0712389209581934,-0.09854144811804624,0.027302527159852097,0.15433954366117644,0.023231076357583664,0.13110846730359277,0.07123892120571881,0.1913720514006846,2.6863412325974685
0.4,31.622776601683793,0.30998295667085285,0.13631861554341995,0.07152445606943425,-0.09878817917811866,0.027263723108683992,0.15466168471457678,0.02319805890574122,0.13146362580883555,0.07152445630997083,0.19191103989321967,2.683152725572923
0.4,35.481338923357534,0.31011908828745643,0.13614534544786505,0.07178043773761239,-0.09900950682718483,0.02722906908957301,0.15495075101180222,0.023168572618286074,0.13178217839351614,0.07178043793412756,0.19239202486506365,2.680284913302153
0.4,39.81071705534978,0.31024115523496865,0.13599064136070996,0.072009780779271,-0.09920790905141244,0.02719812827214199,0.15520994963526227,0.023142245806555523,0.13206770382870675,0.07200978103471647,0.19282383269137215,2.677745021865992
0.4,44.668359215096345,0.310350539284904,0.13585254161677743,0.0722151419563486,-0.09938565027970592,0.027170508323355488,0.15544221538560268,0.023118744643625087,0.1323234707419776,0.07221514215108882,0.19321304185424998,2.6755197884954494
0.4,50.11872336272725,0.3104485010859771,0.13572928597168332,0.07239893665372094,-0.09954479384805888,0.027145857194336667,0.1556502257038852,0.023097769579404955,0.13255245612448024,0.07239893699845741,0.19355801200845327,2.6734924576665726
0.4,56.23413251903491,0.31053618769588087,0.13561929617469032,0.0725633558778423,-0.09968721511278048,0.027123859234938066,0.15583641669885556,0.023079052034632088,0.13275736466422347,0.07256335620103929,0.19386818333482392,2.6717091585139117
0.4,63.09573444801943,0.3106146403541421,0.13552115813798396,0.07271038316024786,-0.09981461478784578,0.027104231627596793,0.15600299967954284,0.023062351366515597,0.13294064831302724,0.07271038339118242,0.194145675526155,2.670123116827067
0.4,70.79457843841388,0.31068480227972656,0.13543360563642173,0.07284181105745435,-0.09992853218473821,0.027086721127284347,0.1561519777350038,0.02304745209483009,0.13310452564017372,0.07284181127990841,0.194392696841174,2.6686966376245556
0.4,79.43282347242821,0.3107475263319832,0.13535550545658967,0.0729592570263074,-0.10003035811762606,0.027071101091317936,0.15628516201946768,0.02303416137466741,0.13325100064480028,0.07295925716532173,0.19461658471896476,2.6674693833295766
0.4,89.12509381337459,0.31080358241806794,0.13528584390504317,0.0730641785239558,-0.10012134730496636,0.027057168781008636,0.15640418749555923,0.02302230670045684,0.13338188079510238,0.07306417886423677,0.19481257807080593,2.6663213232409593
0.4,100.0,0.3108536645657497,0.1352237145812928,0.07315788723682798,-0.10020263015309006,0.02704474291625856,0.15651052796408332,0.02301173382523944,0.13349879413884388,0.07315788748550918,0.19498743804759838,2.6652961799398693
0.4,112.20184543019653,0.31089839760868154,0.13516830732024349,0.07324156238604618,-0.10027522385009516,0.0270336614640487,0.15660551026856262,0.023002304878936845,0.13360320538962578,0.0732415626847251,0.19514781374341683,2.6644408801522728
0.4,125.89254117941688,0.3109383434532379,0.13511889821030656,0.07331626308947137,-0.1003400427315328,0.027023779642061315,0.15669032760938278,0.022993896669696697,0.13369643093968608,0.07331626326753875,0.19529047619459336,2.6636719806894398
0.4,141.25375446227554,0.3109740069128214,0.13507484059663022,0.07338293978524102,-0.10039790790456452,0.027014968119326046,0.15676605193798443,0.022986399152842195,0.13377965278514223,0.0733829401376683,0.1954099250866364,2.6628794747122737
0.4,158.48931924611142,0.31100584110829455,0.1350355569832206,0.07344244473946931,-0.10044955613611527,0.02700711139664412,0.15683364542854894,0.02297971405283758,0.13385393137571136,0.0734424450525034,0.19552505405512544,2.6622895508904447
0.4,177.82794100389228,0.31103425244240573,0.13500053175271787,0.07349554167360334,-0.10049564802415177,0.027000106350543576,0.15689397104414154,0.02297375362434585,0.1339202174197957,0.07349554181420972,0.19562680745803118,2.6617506671705145
0.4,199.5262314968883,0.31105960516283737,0.13496930462804238,0.07354291455524903,-0.10053677548085507,0.026993860925608477,0.15694780222856072,0.02296843953957733,0.1339793626889834,0.07354291465532792,0.19571480962569596,2.6612327039654136
0.4,223.87211385683423,0.31108222553295695,0.134941464805529,0.07358517560169414,-0.10057346856279775,0.0269882929611058,0.156995831764579,0.022963701889917466,0.13403212987466154,0.07358517613713676,0.19579276673328924,2.660763716436592
0.4,251.18864315095823,0.31110240563225033,0.13491664569477657,0.07362287254818278,-0.10060620168713985,0.026983329138955316,0.15703867984537004,0.022959478290737922,0.13407920155463213,0.07362287253443878,0.1958623104183868,2.6603459451649045
0.4,281.8382931264455,0.3111204068101552,0.134894520205714,0.07365649523378065,-0.10063539927492768,0.0269789040411428,0.15707690140958697,0.022955713079389064,0.1341211883301979,0.07365649534700183,0.19593694506084383,2.660144826844784
0.4,316.22776601683796,0.31113646281760976,0.13487479652850942,0.07368648155742291,-0.10066144086312923,0.026974959305701887,0.1571109927918047,0.02295235659704964,0.13415863619475507,0.07368648195821682,0.1959858197695809,2.6597255637840425
0.4,354.81338923357606,0.31115078264065427,0.1348572143567738,0.07371322285526244,-0.10068466572661383,0.026971442871354764,0.1571413977400702,0.022949364546001494,0.1341920331940687,0.07371322283991842,0.19604407405513835,2.659550980166523
0.4,398.1071705534977,0.31116355305994076,0.13484154150918687,0.0737370687482824,-0.10070537705011781,0.026968308301837374,0.15716851285126618,0.02294669741473751,0.13422181543652867,0.07373706906763536,0.196073691679672,2.659092558992592
0.4,446.6835921509635,0.31117494095902554,0.13482757090860387,0.07375833150675687,-0.10072384568847738,0.026965514181720773,0.15719269247290063,0.022944319963838493,0.13424837250906213,0.07375833174840488,0.19612419536536968,2.659010727552296
0.4,501.18723362727246,0.31118509540335926,0.1348151178820039,0.07377728997504823,-0.10074031355145881,0.02696302357640078,0.15721425311788867,0.02294220076652782,0.13427205235136086,0.07377729078662741,0.1961743052071743,2.659006628130781
0.4,562.341325190349,0.3111941495104191,0.13480401774779616,0.07379419309761509,-0.1007549966471672,0.026960803549559233,0.15723347743576532,0.022940311798039188,0.13429316563772614,0.0737941929662313,0.19620153211632385,2.6587665537057497
0.4,630.9573444801943,0.31120222213032067,0.1347941236606337,0.07380926308370317,-0.10076808781581234,0.02695882473212674,0.15725061778140279,0.02293862806895267,0.13431198971245012,0.0738092638364384,0.196249137925152,2.658868653127889
0.4,707.9457843841387,0.31120941935455737,0.13478530468670766,0.07382269824575005,-0.10077975918309301,0.026957060937341532,0.15726589941873598,0.022937127297589892,0.13432877212114608,0.0738226983122642,0.19624270814201042,2.658297686599306
0.4,794.3282347242822,0.3112158358694136,0.13477744408536826,0.07383467554323242,-0.10079016436028454,0.026955488817073655,0.15727952339462964,0.022935789617517056,0.1343437337771126,0.0738346767127396,0.19628051133061247,2.658378421486957
0.4,891.2509381337459,0.3112215561692774,0.134770437774914,0.07384535286090826,-0.10079944041588548,0.026954087554982797,0.15729166911522602,0.022934597316670018,0.134357071798556,0.07384535255772574,0.1962905979443416,2.658130689956406
0.4,1000.0,0.3112266556433505,0.13476419296358289,0.07385487104858779,-0.10080770964130452,0.026952838592716577,0.15730249665345636,0.022933534604142665,0.1343689620493137,0.07385487079161827,0.1963094682335331,2.6580436216241012
0.8,0.001,0.34610949416458603,0.3296640650703058,-0.0245185633045521,-0.1073470627235702,0.13186562602812232,0.22940526342987166,0.1122013507857414,0.11720391264413027,-0.024518603328292463,0.6823588164470183,27.830248212369913
0.8,0.001122018454301963,0.34610306724964823,0.32965206706676387,-0.024521375725101657,-0.10733945110160391,0.13186082682670555,0.22939172763826882,0.11219726725845784,0.11719446037981097,-0.024521411399752894,0.6171256350718185,25.166807285735494
0.8,0.0012589254117941675,0.34609585972025003,0.32963860663620814,-0.024524526776314948,-0.10733091587816837,0.13185544265448326,0.22937654782212571,0.11219268599331395,0.11718386182881177,-0.024524558576528587,0.5589903738600558,22.79308604539132
0.8,0.001412537544622754,0.3460877772536196,0.32962350573835814,-0.02452805660703483,-0.10732134568830842,0.13184940229534325,0.22935952534083776,0.1121875463941996,0.11717197894663815,-0.02452808495174418,0.5071816998213718,20.67759064024713
0.8,0.001584893192461114,0.34607871425681824,0.3296065647134869,-0.024532009963738777,-0.10731061592165597,0.13184262588539478,0.22934043782155522,0.11218178050681407,0.11715865731474115,-0.024532035228668217,0.46101222497889627,18.792253503702614
0.8,0.0017782794100389228,0.3460685525530347,0.3295875596718416,-0.024536436674247153,-0.10729858719448945,0.13183502386873666,0.2293190363935272,0.11217531213015344,0.11714372426337374,-0.024536459196405624,0.4198693503160779,17.11205952558897
0.8,0.001995262314968879,0.34605715992334035,0.3295662395716418,-0.024541392170745358,-0.10728510365791138,0.13182649582865671,0.22929504261827,0.11216805582200601,0.11712698679626399,-0.024541412246995766,0.38320718712606805,15.61471618948817
0.8,0.00223872113856834,0.34604438849027996,0.3295423229495292,-0.024546938051936085,-0.10726999112787568,0.13181692917981166,0.229268145086913,0.11215991578615866,0.11710822930075435,-0.024546955949377742,0.35053918080474283,14.28035237964522
0.8,0.0025118864315095794,0.34603007292900356,0.3295154942636133,-0.024553142682855578,-0.10725305502258974,0.13180619770544533,0.2292379956548928,0.11215078462775065,0.11708721102714216,-0.02455315863903505,0.32143198907980647,13.091268370204238
0.8,0.002818382931264455,0.3460140284911991,0.32948539980468416,-0.024560081829207103,-0.1072340780926665,0.13179415992187368,0.22920420528285726,0.11214054196165262,0.11706366332120464,-0.024560096050911525,0.2954993079000133,12.03168372336419
0.8,0.0031622776601683794,0.34599604882681834,0.3294516431269363,-0.024567839320725315,-0.10721281793004925,0.13178065725077454,0.22916633945253367,0.11212905285731087,0.1170372865952228,-0.024567852000736322,0.2723970405164144,11.087539948883215
0.8,0.0035481338923357532,0.34597590358875635,0.32941377994422666,-0.02457650773509551,-0.10718900424259521,0.13176551197769068,0.22912391312624772,0.11211616610168537,0.11700774702456235,-0.024576519040912313,0.2518186568580484,10.246310978330499
0.8,0.003981071705534973,0.3459533358062319,0.32937131243297213,-0.024586189089956856,-0.10716233588323208,0.13174852497318887,0.22907638522043827,0.11210171226023852,0.11697467296019975,-0.02458619916878797,0.23349110712188167,9.49683623397541
0.8,0.0044668359215096305,0.3459280590138979,0.3293236828771672,-0.024596995525399068,-0.10713247762546771,0.1317294731508669,0.22902315256617486,0.11208550151401249,0.11693765105216238,-0.024597004512578218,0.2171712054214809,8.829172890155208
0.8,0.005011872336272725,0.3458997541258876,0.3292702665851567,-0.02460904995281188,-0.10709905668125085,0.13170810663406268,0.2289635433341888,0.11206732124885006,0.11689622208533874,-0.024609057966358445,0.20264238415845867,8.234463279150255
0.8,0.005623413251903491,0.3458680660472782,0.32921036400202386,-0.02462248663756056,-0.10706165896324903,0.13168414560080954,0.22889680990903438,0.11204693337083968,0.1168498765381947,-0.024622493782999088,0.18971190919487768,7.704821082171079
0.8,0.00630957344480193,0.3458326000202382,0.3291431919356651,-0.024637451672394117,-0.10701982510187197,0.13165727677426606,0.2288221212071804,0.11202407132010656,0.11679804988707385,-0.02463745804536113,0.1782081333974753,7.233219152291129
0.8,0.00707945784384138,0.3457929177087763,0.3290678738090426,-0.024654103285203177,-0.10697304623841386,0.13162714952361707,0.22873855444794963,0.11199843675316064,0.116740117694789,-0.024654108970060363,0.16797853067864,6.813409110936882
0.8,0.007943282347242814,0.34574853303506503,0.3289834288460802,-0.024672611908195197,-0.1069207596302368,0.13159337153843206,0.22864508640539072,0.11196969586231031,0.1166753905430804,-0.024672616977679505,0.15888732113934745,6.439824412752304
0.8,0.008912509381337459,0.3456989077923358,0.3288887600947457,-0.024693159915023466,-0.10686234412287486,0.13155550403789829,0.2285405841947638,0.11193747529931197,0.11660310889545183,-0.02469316443582409,0.15081391938842442,6.107516911426233
0.8,0.01,0.3456434470750944,0.3287826411883794,-0.024715940907182488,-0.10679711556816929,0.13151305647535178,0.22842379568064808,0.11190135766957979,0.11652243801106829,-0.024715944937859963,0.14365113143797603,5.812083325122268
0.8,0.011220184543019636,0.3455814945877144,0.32866370174624693,-0.024741158400188368,-0.10672432229831033,0.13146548069849878,0.22829333963673368,0.11186087656325677,0.1164324630734769,-0.02474116199783135,0.13730404995791137,5.549620101511261
0.8,0.012589254117941675,0.3455123279183274,0.32853041131761423,-0.024769023722799266,-0.10664314080424644,0.1314121645270457,0.22814769584217245,0.11181551109057115,0.1163321847516013,-0.02476902693258202,0.13168845898702908,5.316658556893149
0.8,0.014125375446227547,0.3454351538974887,0.32838106178161214,-0.024799752897886718,-0.10655267181475822,0.13135242471264486,0.22798519536824846,0.11176467989161999,0.11622051547662847,-0.024799755762878545,0.12672993771905014,5.110128459762718
0.8,0.01584893192461114,0.34534910420159104,0.3282137481297178,-0.02483356222064781,-0.10645193703123929,0.13128549925188712,0.22780401139486725,0.11170773459567618,0.11609627679919107,-0.02483356477784843,0.12236263140705307,4.927308362760738
0.8,0.01778279410038923,0.3452532314108013,0.32802634758108073,-0.02487066218794831,-0.10633987684448398,0.1312105390324323,0.22760215100173695,0.11164395271307827,0.11595819828865868,-0.024870664469468885,0.11852878623392321,4.765806976304498
0.8,0.0199526231496888,0.3451465057917873,0.3278164970160865,-0.02491124936132244,-0.10621534944511218,0.1311265988064346,0.22737744850701783,0.1115725299547304,0.11580491855228743,-0.02491125139701568,0.11517748613266912,4.6235126568738805
0.8,0.0223872113856834,0.34502781314800646,0.32758156876449734,-0.02495549566572247,-0.10607713184007646,0.13103262750579894,0.2271275610795864,0.11149257199158258,0.11563498908800382,-0.024955497484830082,0.11226446128576213,4.498586387789116
0.8,0.025118864315095808,0.3448959541659422,0.3273186448556896,-0.025003534537636873,-0.1059239234046389,0.13092745794227587,0.2268499675318599,0.11140308569068468,0.11544688184117523,-0.025003536157079398,0.10975113825298734,4.3894246623157285
0.8,0.02818382931264455,0.3447496457849767,0.32702448993633204,-0.025055443242183173,-0.10575435273234962,0.13080979597453282,0.22654197141000915,0.11130296989770269,0.11523900151230645,-0.025055444690913423,0.10760426176360924,4.294645858057066
0.8,0.03162277660168379,0.3445875252313747,0.3266955231921614,-0.025111220583813154,-0.10556698869305128,0.13067820927686455,0.22620070973639045,0.111191005880479,0.11500970385591144,-0.025111221876060307,0.1057955280251575,4.213077664931044
0.8,0.03548133892335755,0.34440815748151277,0.3263277897842635,-0.025170759146730892,-0.10536035676697447,0.13053111591370542,0.22582316902198749,0.11106584760735523,0.11475732141463225,-0.025170760302019788,0.10430103678177324,4.143738032951026
0.8,0.039810717055349734,0.3442100470524229,0.3259169325365052,-0.02523381113025741,-0.10513296188434472,0.1303667730146021,0.2254062104468439,0.11092601211097278,0.11448019833587111,-0.02523381216325494,0.10310113704801588,4.085832785826553
0.8,0.04466835921509633,0.3439916551524602,0.32545816490048746,-0.025299946807499585,-0.10488331915269539,0.130183265960195,0.22494660638989053,0.11076987028687976,0.11417673610301077,-0.025299947729231154,0.10218006220173312,4.038745980635996
0.8,0.05011872336272725,0.3437514233509258,0.32494624658957155,-0.02536850465535173,-0.10460999398047688,0.12997849863582864,0.2244410907541648,0.11059563860055852,0.11384545215360628,-0.025368505480596267,0.1015254729657826,4.002028146413153
0.8,0.05623413251903491,0.34348780502707343,0.3243754637249559,-0.025438532310298134,-0.10431165317968433,0.12975018548998238,0.22388642574554754,0.11040137233013095,0.11348505341541659,-0.025438533047114544,0.10112898457425432,3.9754251704276333
0.8,0.06309573444801933,0.34319930591365777,0.3237396158828415,-0.025508717736389408,-0.10398712861674722,0.1294958463531366,0.2232794878753281,0.11018496115785398,0.11309452671747411,-0.025508718394723736,0.10098512350462654,3.958847400405442
0.8,0.0707945784384138,0.3428845350275981,0.3230320130748752,-0.025577310396616426,-0.10363549483333373,0.1292128052299501,0.22261737590463732,0.10994412814241246,0.11267324776222486,-0.02557731098149427,0.10109167626285175,3.9523965727278263
0.8,0.07943282347242818,0.34254226714099956,0.3222454864260394,-0.025642032851709518,-0.10325616171870625,0.12889819457041576,0.2218975431484382,0.109676433353144,0.1122211097952942,-0.025642033371968298,0.10144944198955437,3.9563727461823768
0.8,0.08912509381337459,0.3421715176411039,0.32137241710990794,-0.025699984130180487,-0.10284898271378276,0.1285489668439632,0.22111795590567382,0.10937928371817052,0.1117386721875033,-0.02569998459637461,0.10206217645916751,3.9712932930537628
0.8,0.1,0.34177163010156797,0.3204047889101663,-0.025747537476100313,-0.10241437808796622,0.12816191556406653,0.22027727866159263,0.1090499509137405,0.11122732774785213,-0.02574753788866263,0.10293627322551836,3.997907437621215
0.8,0.11220184543019641,0.3413423760801847,0.3193342705137967,-0.025780236727518335,-0.10195347147800041,0.1277337082055187,0.21937508499251182,0.10868559937276188,0.11068948561974994,-0.02578023709312687,0.10408076161776947,4.037230582550301
0.8,0.12589254117941676,0.3408840655147628,0.31815233417422817,-0.025792697616194293,-0.101468236053497,0.12726093366969127,0.21841209067671058,0.10828332667187145,0.11012876400483913,-0.025792697942783244,0.1055069817980396,4.090575636255233
0.8,0.1412537544622754,0.3403976645721936,0.3168504175270046,-0.025778522658127967,-0.10096164435267374,0.12674016701080185,0.21739040230022427,0.10784021860548933,0.10955018369473495,-0.02577852294572408,0.10722821374451927,4.1595949453847725
0.8,0.15848931924611143,0.3398849159154963,0.31542013485482134,-0.02573024088545517,-0.10043781305647333,0.12616805394192854,0.21631377064421975,0.10735342108999381,0.10896034955422594,-0.02573024113724562,0.1092594302388967,4.24634303487887
0.8,0.1778279410038923,0.33934845415148673,0.31385354269448085,-0.025639286194034328,-0.09990213088375799,0.12554141707779234,0.21518783348393658,0.10682023056319781,0.10836760292073877,-0.025639286416377777,0.11161663165667732,4.353343920889281
0.8,0.19952623149688808,0.33879190685939353,0.31214346204759813,-0.025496030140379655,-0.09936135467865964,0.12485738481903925,0.2140203274415471,0.10623820364894539,0.1077821237926017,-0.025496030334657624,0.11431611592270012,4.483682927193035
0.8,0.223872113856834,0.33821996934613385,0.3102838553270209,-0.025289886053804278,-0.09882365607700411,0.12411354213080837,0.21282124378629078,0.10560528545103832,0.10721595833525245,-0.025289886216754588,0.11737375772504191,4.641134274747413
0.8,0.25118864315095824,0.3376384395251407,0.3082702503893024,-0.025009500644283478,-0.09829859951143746,0.12330810015572097,0.21160289940944502,0.1049199538729281,0.10668294553651692,-0.025009500786831458,0.12080379819088838,4.830316255432679
0.8,0.2818382931264455,0.3370541985892369,0.3061001966506619,-0.02464304614801377,-0.09779703251225101,0.12244007866026477,0.21037989271331028,0.1041813748570406,0.10619851785626969,-0.02464304626296924,0.12461784589778195,5.05691725641255
0.8,0.31622776601683794,0.33647512402664687,0.3037737297976967,-0.02417861983161329,-0.09733087208746544,0.12150949191907867,0.20916891607389884,0.10338956054932928,0.10577935552456956,-0.02417861992020417,0.1288237745363891,5.328003623099315
0.8,0.3548133892335757,0.33590992455614954,0.30129381288219903,-0.023604748067352577,-0.09691277708552702,0.12051752515287961,0.2079884030114656,0.10254551942614552,0.10544288358532007,-0.023604748138285326,0.13342380226147146,5.652413721164301
0.8,0.3981071705534973,0.33536789207936707,0.2986667140175576,-0.02291097946954307,-0.09655570613748002,0.11946668560702306,0.20685799995668588,0.10165138484342243,0.10520661511326346,-0.02291097951997518,0.13841364691477775,6.04136749343695
0.8,0.4466835921509635,0.3348585737282681,0.2959022762428451,-0.02208853682269829,-0.0962723736744397,0.11836091049713804,0.2057978694424984,0.10071050688506883,0.10508736255742956,-0.022088536855038837,0.14378103104988146,6.50930534663649
0.8,0.5011872336272725,0.3343913769354624,0.2930140352663705,-0.02113098270793734,-0.09607463139861078,0.1172056141065482,0.20482785242198395,0.09972749243705467,0.10510035998492928,-0.0211309827170715,0.1495056975028062,7.075189048449797
0.8,0.5623413251903491,0.3339751309567287,0.29001914727554834,-0.02003484157059654,-0.09597281733962273,0.11600765891021934,0.20396653962160338,0.09870818061745865,0.10525835900414474,-0.02003484156232907,0.1555574496168932,7.7643463829224055
0.8,0.6309573444801936,0.33361763767245434,0.2869381024489076,-0.01880011450004393,-0.0959751264795192,0.11477524097956304,0.20323032165906474,0.09765954527011879,0.10557077638894595,-0.01880011447863888,0.16189793893833085,8.611540058560971
0.8,0.707945784384138,0.33332525078477104,0.2837942195084703,-0.017430624827939056,-0.09608706297544907,0.11351768780338811,0.20263250084766157,0.09658952293524857,0.106042977912413,-0.017430624783819744,0.16847971157664643,9.665729924554421
0.8,0.7943282347242822,0.33310252393386947,0.28061294031355377,-0.015934144160588526,-0.09631103196483301,0.11224517612542151,0.20218255042601913,0.09550677276403995,0.10667577766197918,-0.015934144108908223,0.17524899604647956,10.998331309712706
0.8,0.8912509381337459,0.33295196376331493,0.27742096748559714,-0.014322269088923534,-0.09664611790531527,0.11096838699423886,0.20188559726398467,0.09442038300878482,0.10746521425519985,-0.014322269024615475,0.18214609728005593,12.717684395328986
0.8,1.0,0.33287391372731157,0.2742453080986099,-0.012610045867442965,-0.09708807737200092,0.10969812323944397,0.20174218226446763,0.09333954554237972,0.10840263672208791,-0.01261004579192714,0.18910890125345048,14.996686322464953
0.8,1.1220184543019642,0.3328665799033792,0.27111229869897735,-0.010815369393694096,-0.09762955008589688,0.10844491947959095,0.20174832180801022,0.09227322402326542,0.1094750977847448,-0.010815369302658497,0.1960734397512259,18.12914883110183
0.8,1.2589254117941675,0.3329261937297876,0.2680466888951465,-0.008958208697555925,-0.09826046686050269,0.1072186755580586,0.20189585893953893,0.09122984199465856,0.11066601694488037,-0.008958208594303388,0.20297817618320987,22.658344472162177
0.8,1.4125375446227555,0.33304729133699007,0.2650708521631821,-0.0070597292783785015,-0.0989686115868945,0.10602834086527285,0.20217306074081612,0.09021701428177761,0.1119560464590385,-0.0070597291641934495,0.2097648937124156,29.712881164950545
0.8,1.584893192461114,0.3332230775891899,0.262204175218968,-0.00514139014625159,-0.09974027994133555,0.1048816700875872,0.20256539397042206,0.08924133916432546,0.1133240548060966,-0.005141390013833563,0.2163807632565535,42.086043399616365
0.8,1.7782794100389228,0.33344583676721956,0.25946265481347974,-0.003224089820084375,-0.10056097210530755,0.1037850619253919,0.20305639810266574,0.08830826114553433,0.1147481369571314,-0.0032240896852788036,0.22277972481072164,69.09848873867686
0.8,1.9952623149688808,0.33370735143025027,0.2568587072738713,-0.0013274225668612472,-0.10141606034268714,0.10274348290954852,0.20362857422549105,0.08742200612936503,0.11620656809612602,-0.0013274224205971112,0.2289236340363564,172.45726038993695
0.8,2.23872113856834,0.33399929562962793,0.25440117532178175,0.0005309128337422919,-0.10229138296245488,0.1017604701287127,0.2042642182246644,0.08658558374112336,0.11767863448354103,0.000530912991488595,0.23478193167972647,442.2229921732288
0.8,2.5118864315095824,0.3343135767338296,0.25209550128183494,0.002335530640417416,-0.10317373115315152,0.10083820051273398,0.2049461439220526,0.08580084627906966,0.11914529764298294,0.0023355308069545476,0.24033241130569905,102.90269372172585
0.8,2.818382931264455,0.3346426097674656,0.24994402689622028,0.004073600582967074,-0.10405121134145513,0.09997761075848811,0.20565826233313003,0.08506859075648045,0.12058967157664958,0.004073600753438415,0.2455603004923109,60.2808952951612
0.8,3.1622776601683795,0.33497951763293987,0.2479463773581452,0.005734929570296143,-0.10491348051355448,0.09917855094325809,0.20638600328493129,0.08438868960765293,0.12199731367727835,0.005734929752322824,0.25045734839649214,43.67226090172232
0.8,3.548133892335757,0.33531825859966935,0.24609988966570315,0.007311907766160863,-0.10575186363244216,0.09843995586628126,0.20711658260518778,0.08376023647838292,0.12335634612680486,0.007311907960418145,0.2550222753471373,34.87766486225756
0.8,3.981071705534973,0.33565368832236386,0.24440005130621462,0.008799349614436236,-0.10655937013692235,0.09776002052248585,0.20783913050518296,0.08318169553243149,0.12465743497275147,0.008799349818592898,0.2592578256360087,29.463293422907302
0.8,4.4668359215096345,0.3359815672300761,0.24284092291578854,0.010194261414261274,-0.10733063058057674,0.09713636916631542,0.2085447043125967,0.0826510453039422,0.1258936590086545,0.010194261616657223,0.2631721632004277,25.815716046605036
0.8,5.011872336272725,0.3362985256451696,0.2414155265072179,0.01149556476094804,-0.10806177536383507,0.09656621060288717,0.20922621187110133,0.08216591083102744,0.12706030104007388,0.011495564977636883,0.2667756294375947,23.206830630471124
0.8,5.623413251903491,0.33660199889826503,0.2401161881297044,0.012703800837241708,-0.1087502760891236,0.09604647525188176,0.20987827167590217,0.08172368028019807,0.12815459139570412,0.012703801060394674,0.27008205409137587,21.259940454623674
0.8,6.309573444801936,0.3368901435219872,0.23893482985342668,0.013820835273317067,-0.10939476721468763,0.09557393194137068,0.21049703326538502,0.08132160432347504,0.12917542894190998,0.013820835502730488,0.27310677283380397,19.76051106171173
0.8,7.07945784384138,0.3371617438154738,0.23786321055374227,0.014849577942456227,-0.1099948621639531,0.09514528422149691,0.21107997756243246,0.0809568780894313,0.13012309947300116,0.01484957818374534,0.27586613316585756,18.577371676983148
0.8,7.943282347242821,0.3374161160601401,0.236893118147248,0.015793727183453288,-0.11055097444235258,0.09475724725889921,0.2116257125746332,0.08062670659084108,0.1309990059837921,0.01579372741668578,0.2783773296158086,17.625815760357373
0.8,8.91250938133746,0.3376530157082149,0.23601651789476374,0.01665754384434276,-0.1110641510022484,0.0944066071579055,0.21213377569789113,0.08032835519968515,0.13180542049820598,0.016657544087526534,0.28065754059975295,16.848674638052696
0.8,10.0,0.3378725511255003,0.23522566238706266,0.01744565733151804,-0.11153592228634307,0.09409026495482507,0.21260445017377533,0.08005918708085627,0.13254526309291906,0.017445657569463396,0.2827236496287415,16.205961197107097
0.8,11.220184543019629,0.3380751060291572,0.23451316912527426,0.01816290349707017,-0.11196817114717979,0.09380526765010971,0.21303860019611748,0.07981668959669352,0.13322191059942395,0.018162903751200925,0.28459343604875575,15.668939281250033
0.8,12.589254117941687,0.3382612716389813,0.2338720714284811,0.018814192601832258,-0.11236302117322486,0.09354882857139245,0.21343752678535036,0.0795984916334111,0.13383903515193926,0.01881419286617215,0.2862811297904551,15.216232331985262
0.8,14.125375446227554,0.33843178873665114,0.23329584793180613,0.019404404614875637,-0.11272274378759817,0.09331833917272246,0.21380284480627096,0.07940237364078837,0.1344004711654826,0.019404404894742756,0.287803586433005,14.831868742904854
0.8,15.848931924611142,0.3385874992609421,0.23277843531898965,0.019938308609724398,-0.11304968273732066,0.09311137412759586,0.2141363803088067,0.0792262719657116,0.13491010834309508,0.019938308884919403,0.2891754480341536,14.503509284725506
0.8,17.78279410038923,0.3387293067092008,0.23231422826221845,0.020420502863033874,-0.11334619416792133,0.09292569130488738,0.21444008661802233,0.079068278831692,0.13537180778633034,0.02042050312797501,0.2904094378307818,14.22146339934868
0.8,19.952623149688787,0.33885814441812173,0.2318980698827542,0.02085537234284701,-0.113614600295949,0.09275922795310168,0.2147159771861898,0.07892663909213873,0.13578933809405105,0.02085537261666719,0.29151867262630254,13.978109045787402
0.8,22.387211385683422,0.33897495071675,0.2315252354366906,0.021247060503449988,-0.11385715467812652,0.09261009417467625,0.21496607305418303,0.07879974467779341,0.13616632837638962,0.021247060816965316,0.2925145247008629,13.767293613961721
0.8,25.11886431509582,0.3390806499455057,0.23119141139020555,0.02159945261634344,-0.11407601717242555,0.09247656455608222,0.21519236277504503,0.0786861274749827,0.13650623530006234,0.02159945291905677,0.29340725723301453,13.584013369808414
0.8,28.18382931264455,0.33917613838819616,0.23089267158477225,0.021916168214739407,-0.11427323684864826,0.09235706863390891,0.21539677276845287,0.0785844512134347,0.13681232155501816,0.02191616851968929,0.2942086582511329,13.42427431997607
0.8,31.622776601683793,0.3392622742478163,0.23062545180372052,0.022200560580123208,-0.11445074130161179,0.09225018072148822,0.21558114625514965,0.07849350280999205,0.13708764344515761,0.02220056089944378,0.29492691476460003,13.284660513779595
0.8,35.481338923357534,0.33933987089575834,0.23038652373167529,0.02245572153334746,-0.11461033102601637,0.09215460949267013,0.21574722913202427,0.07841218350569107,0.1373350456263332,0.02245572180104231,0.2955703574401362,13.162362807078281
0.8,39.81071705534978,0.33940969272703,0.2301729690397789,0.02268449009764717,-0.11475367771355849,0.09206918761591157,0.21589666136852867,0.07833950004566025,0.13755716132286844,0.022684490414215705,0.2961456148652756,13.054982036523501
0.8,44.668359215096345,0.33947245305414897,0.22998215412366738,0.022889463871180626,-0.11488232552064918,0.09199286164946696,0.21603097271858998,0.07827455608116507,0.1377564166374249,0.022889464127952144,0.29665909315587335,12.96050844604961
0.8,50.11872336272725,0.3395288135653201,0.22981170585936056,0.02307301218053709,-0.11499769452428135,0.09192468234374424,0.21615158174024046,0.07821654391811457,0.1379350378221259,0.023073012444027853,0.2971198401931464,12.877375284823373
0.8,56.23413251903491,0.3395793849559773,0.2296594886169216,0.023237290285283818,-0.11510108573205238,0.09186379544676865,0.21625979729293449,0.07816473669365738,0.13809506059927712,0.023237290567909744,0.29753015595958027,12.803995159851542
0.8,63.09573444801943,0.3396247284159249,0.229523582675974,0.02338425406959016,-0.11519368713998104,0.0918094330703896,0.21635682183820798,0.07811848102987888,0.13823834080832909,0.02338425444527394,0.297898558085127,12.739279705594104
0.8,70.79457843841388,0.3396653577172172,0.22940226411511333,0.02351567479359129,-0.11527658043963597,0.09176090564604533,0.21644375600311716,0.07807719018915109,0.13836656581396606,0.023515674986318985,0.2982284872302816,12.68211469174437
0.8,79.43282347242821,0.3397017417010341,0.2292939861940323,0.023633153588289824,-0.11535074806590365,0.09171759447761292,0.2165216039788334,0.0780403377375424,0.138481266241291,0.02363315385459079,0.2985222359329992,12.631502243405004
0.8,89.12509381337459,0.3397343070060854,0.22919736220878012,0.02373813546701825,-0.11541708035053053,0.09167894488351205,0.2165912794208501,0.07800745170957489,0.1385838277112752,0.023738135893786604,0.29878414700302874,12.586672699992198
0.8,100.0,0.33976344091755784,0.2291111497733872,0.02383192269716833,-0.11547638260652665,0.09164445990935488,0.2166536115947523,0.07797810925848715,0.13867550233626513,0.02383192309410951,0.29901795433575173,12.546950288273607
0.8,112.20184543019653,0.33978949424523563,0.22903423646311974,0.023915687431347532,-0.11552938201659642,0.0916136945852479,0.2167093515743843,0.07795193176988444,0.13875741980449988,0.023915687569105247,0.2992248938056647,12.511657586303697
0.8,125.89254117941688,0.3398127841633621,0.22896562674293663,0.02399048353978467,-0.115576734236961,0.09158625069717466,0.2167591783500512,0.07792858041286062,0.1388305979371906,0.02399048363612665,0.29941747782268224,12.480677020274705
0.8,141.25375446227554,0.3398335969637426,0.22890443009841005,0.024057257618450845,-0.1156190296578131,0.09156177203936403,0.21680370474455568,0.07790775210032087,0.13889595264423482,0.02405725787706688,0.29957664280804003,12.452651268024116
0.8,158.48931924611142,0.3398521906886688,0.22884985028350718,0.024116859171450844,-0.11565679928485721,0.09153994011340288,0.21684348306684392,0.07788917582948907,0.13895430723735486,0.02411685922386954,0.29973211180216897,12.428322818483371
0.8,177.82794100389228,0.3398687976218031,0.22880117559971885,0.024170049984108655,-0.11569052022399737,0.09152047023988755,0.21687901045752955,0.07787260937336166,0.1390064010841679,0.024170050124371376,0.29985487197616284,12.406050894938373
0.8,199.5262314968883,0.33988362662426663,0.22875777012279516,0.02421751271543865,-0.11572062076455136,0.09150310804911807,0.21691073389983953,0.07785783629476382,0.13905289760507572,0.024217512925555428,0.2999757393601049,12.386727748725873
0.8,223.87211385683423,0.3398968653098563,0.22871906579673745,0.024259858747343988,-0.11574748506603902,0.09148762631869499,0.21693905488367166,0.0778446632555292,0.13909439162814247,0.024259858976610753,0.30008559819441644,12.369634897042596
0.8,251.18864315095823,0.33990868205842506,0.22868455531857512,0.024297635333131784,-0.11577145746055978,0.09147382212743005,0.2169643337212405,0.07783291759478866,0.13913141612645183,0.024297635673947653,0.3001808823186013,12.354324772449381
0.8,281.8382931264455,0.3399192278702369,0.22865378574220302,0.02433133209071847,-0.1157928463876005,0.09146151429688121,0.2169868935207699,0.07782244515209003,0.1391644483686799,0.024331332527348013,0.30026051006222604,12.340487711667178
0.8,316.22776601683796,0.3399286380665367,0.2286263527343347,0.024361386887366054,-0.11581192798110904,0.09145054109373389,0.21700702382979845,0.0778131083123712,0.13919391551742724,0.02436138736698727,0.30033139085741933,12.328172707618696
0.8,354.81338923357606,0.33993703384354146,0.22860189542073245,0.024388191162289574,-0.1158289493305833,0.09144075816829299,0.21702498396379286,0.07780478425186274,0.13922019971193011,0.02438819147166477,0.30040380643277553,12.31759258499333
0.8,398.1071705534977,0.3399445236880796,0.2285800917654535,0.024412094732532474,-0.1158441314387121,0.0914320367061814,0.21704100603790472,0.07779736336546875,0.13924364267243597,0.0244120950943657,0.30045917479407247,12.307799622795107
0.8,446.6835921509635,0.3399512046636845,0.22856065443089751,0.02443341012584166,-0.11585767189819644,0.09142426177235902,0.21705529772088789,0.07779074785766968,0.1392645498632182,0.024433410586417802,0.30051417997481017,12.299313634988883
0.8,501.18723362727246,0.3399571635764046,0.22854332707087488,0.024452416481732242,-0.11586974731008648,0.09141733082834996,0.2170680447311336,0.07778485048090437,0.13928319425022923,0.02445241704236703,0.30055815650847256,12.29155203707331
0.8,562.341325190349,0.33996247802935364,0.22852788101309138,0.024469363059855753,-0.11588051546508255,0.09141115240523656,0.21707941309425163,0.07777959340639977,0.13929981968785188,0.02446936315276294,0.30059555015077893,12.284567778660698
0.8,630.9573444801943,0.3399672173750553,0.2285141122914621,0.02448447239179019,-0.11589011730836184,0.09140564491658484,0.21708955118164955,0.07777490721421189,0.13931464396743765,0.024484472373053887,0.3006465362683904,12.279069431745794
0.8,707.9457843841387,0.3399714435740632,0.22850183899272955,0.02449794311011455,-0.1158986787072022,0.09140073559709183,0.2170985915483357,0.07777072999006232,0.13932786155827337,0.02449794394711593,0.30067592643101404,12.273516793086293
0.8,794.3282347242822,0.3399752119680778,0.2284908988845418,0.02450995248572524,-0.11590631203951271,0.09139635955381673,0.21710665258759027,0.0777670065180388,0.13933964606955146,0.024509952497676676,0.3007094843737478,12.268872589706257
0.8,891.2509381337459,0.33997857197537734,0.22848114729620547,0.02452065870166864,-0.1159131176201331,0.09139245891848219,0.217113840019265,0.07776368755944932,0.1393501524598157,0.0245206609239626,0.3007110210707887,12.26357731560659
0.8,1000.0,0.3399815677154481,0.22847245522552553,0.024530202890046704,-0.11591918498026257,0.09138898209021022,0.21712024822649711,0.07776072920830283,0.13935951901819427,0.02453020403220732,0.30077721498499116,12.261504820346417
1.5,0.001,0.4097843189122159,0.3062887485387854,-0.06913705825381561,-0.16057950315027347,0.22971656140408905,0.3626412412528363,0.19546040362253092,0.1671808376303054,-0.06913736416745767,4.9979719863587535,72.29046184423753
1.5,0.001122018454301963,0.4097817508282774,0.3062907372190693,-0.06914309444419608,-0.16057495847010575,0.22971805291430197,0.36263577360672916,0.1954616727133897,0.16717410089333945,-0.06914336705994435,4.478973396292219,64.77806312800966
1.5,0.0012589254117941675,0.4097788698185171,0.30629296719024535,-0.06914986503874021,-0.16056986035394386,0.229719725392684,0.3626296397311318,0.1954630957857953,0.16716654394533653,-0.06915010797613345,4.0164040815162965,58.08239783085404
1.5,0.001412537544622754,0.4097756378110399,0.30629546754148396,-0.06915745909930093,-0.160564141556812,0.22972160065611297,0.3626227585732046,0.19546469140321385,0.16715806716999074,-0.06915767558485388,3.6041310161262246,52.11469277483294
1.5,0.001584893192461114,0.4097720121171939,0.3062982708202463,-0.06916597641301614,-0.16055772670216856,0.22972370311518472,0.3626150392521468,0.1954664803360459,0.16714855891610086,-0.06916616932332831,3.2366872016568813,46.79581409990294
1.5,0.0017782794100389228,0.40976794487569235,0.30630141343082234,-0.06917552876431171,-0.16055053130880506,0.22972606007311674,0.36260637987619715,0.1954684858159552,0.16713789406024196,-0.06917570065725429,2.909199437782904,42.05522185018625
1.5,0.001995262314968879,0.4097633824308331,0.30630493607539466,-0.06918624135269891,-0.1605424607038471,0.229728702056546,0.3625966662193135,0.19547073381733693,0.1671259324019766,-0.06918639451838354,2.6173238563727925,37.83003688214079
1.5,0.00223872113856834,0.40975826463727827,0.30630888424130764,-0.06919825437170185,-0.16053340880927908,0.22973166318098073,0.3625857702415793,0.1954732533682726,0.1671125168733067,-0.06919839084625676,2.3571887698375127,34.06421364731812
1.5,0.0025118864315095794,0.4097525240830839,0.30631330873836915,-0.06921172476545034,-0.16052325678832652,0.22973498155377686,0.36257354843592327,0.195476076893412,0.16709747154251126,-0.06921184636132312,2.1253433378424322,30.70779714135923
1.5,0.002818382931264455,0.409746085221776,0.30631826628965564,-0.06922682818089898,-0.1605118715363428,0.22973869971724173,0.362559839981225,0.19547924059100152,0.16708059939022346,-0.06922693651728858,1.918711639260572,27.716258089528452
1.5,0.0031622776601683794,0.4097388634033946,0.30632382017945403,-0.06924376113463598,-0.16049910399995465,0.22974286513459052,0.3625444646806909,0.19548278484637122,0.1670616798343197,-0.06924385765556881,1.7345523011459394,25.049908538803674
1.5,0.0035481338923357532,0.4097307637934429,0.3063300409614348,-0.06926274341446548,-0.16048478730661064,0.2297475307210761,0.3625272206619006,0.19548675468386145,0.16704046597803912,-0.06926282940247525,1.5704220316935347,22.673373947345738
1.5,0.003981071705534973,0.40972168016765326,0.30633700722961177,-0.0692840207368372,-0.16046873468537176,0.22975275542220883,0.3625078818128458,0.19549120025881692,0.1670166815540289,-0.06928409733744059,1.4241430323851136,20.555121407571804
1.5,0.0044668359215096305,0.4097114935694367,0.3063448064538241,-0.06930786768181141,-0.1604507371585566,0.22975860484036809,0.36248619492620004,0.19549617739075437,0.16699001753544568,-0.06930793591734245,1.2937745409134205,18.667047630106786
1.5,0.005011872336272725,0.4097000708157972,0.30635353588011793,-0.0693345909275353,-0.16043056098255315,0.22976515191008845,0.3624618765216275,0.19550174813794943,0.16696012838367805,-0.06933465170606168,1.177586791426434,16.984101923792917
1.5,0.005623413251903491,0.4096872628364212,0.30636330349464425,-0.06936453280584703,-0.1604079448151362,0.22977247762098318,0.36243460931378063,0.19550798141255343,0.1669266279012272,-0.06936458693974881,1.0740381518151236,15.483955130419076
1.5,0.00630957344480193,0.40967290282962177,0.3063742290471635,-0.06939807519954883,-0.16038259658582388,0.22978067178537262,0.3624040382913771,0.19551495363375127,0.1668890846576258,-0.06939812341347332,0.9817546994788748,14.146703847157225
1.5,0.00707945784384138,0.40965680421788764,0.30638644512701396,-0.06943564379965328,-0.16035419004560722,0.22978983384526047,0.36236976637100643,0.19552274941439823,0.1668470169566082,-0.06943568673199843,0.8995118749427765,12.95460471809879
1.5,0.007943282347242814,0.40963875838501296,0.30640009827991266,-0.06947771273737186,-0.16032236097256256,0.2298000737099345,0.3623313495875482,0.1955314622737148,0.1667998873138334,-0.06947775096636397,0.8262186434078377,11.891844970742248
1.5,0.008912509381337459,0.4096185321762629,0.3064153501482426,-0.06952480960013657,-0.1602867030110452,0.22981151261118196,0.3622882917821723,0.19554119536496925,0.16674709641720306,-0.0695248436361624,0.7609024551228984,10.944324579927935
1.5,0.01,0.40959586514289376,0.3064323786099724,-0.06957752083311036,-0.16024676312436897,0.2298242839574793,0.36224003874860417,0.19555206220228769,0.16668797654631648,-0.06957755113349685,0.7026967527367146,10.099475208439953
1.5,0.011220184543019636,0.40957046651275486,0.30645137888183144,-0.06963649751665174,-0.16020203664472177,0.22983853416137356,0.36218597179943457,0.19556418736465228,0.1666217844347823,-0.06963652448405104,0.6508292667305123,9.34609059760834
1.5,0.012589254117941675,0.4095420118698383,0.3064725645401097,-0.06970246149530163,-0.16015196190978068,0.22985442340508228,0.3621254007167423,0.195577707147334,0.16654769356940832,-0.06970248549326467,0.6046120048898403,8.674181424251561
1.5,0.014125375446227547,0.40951013952783283,0.3064961683970972,-0.0697762118138967,-0.16009591448392607,0.2298721262978229,0.36205755605619017,0.19559277012119705,0.16646478593499311,-0.06977623316849231,0.5634318988097574,8.07483971582715
1.5,0.01584893192461114,0.4094744465862819,0.306522443151826,-0.06985863139020404,-0.16003320097366547,0.22989183236386948,0.36198158078145337,0.19560953754797622,0.16637204323347715,-0.06985865038954854,0.5267427651836617,7.540122264693321
1.5,0.01778279410038923,0.4094344846633354,0.30655166170983317,-0.06995069381934738,-0.15996305246302753,0.22991374628237488,0.36189652121766347,0.1956281835843344,0.16626833763332907,-0.06995071071429157,0.49405802669250454,7.0629450601359505
1.5,0.0199526231496888,0.40938975530686855,0.30658411703699445,-0.07005347016154928,-0.15988461761619657,0.22993808777774583,0.3618013173293227,0.1956488951885866,0.16615242214073608,-0.07005348518095195,0.46494454884902836,6.636993829044357
1.5,0.0223872113856834,0.40933970509666434,0.3066201213763234,-0.0701681355090179,-0.1597969555232246,0.22996509103224255,0.3616947923518599,0.19567187162089422,0.1660229207309657,-0.07016814886346966,0.43901636648775694,6.256633153341086
1.5,0.025118864315095808,0.4092837204653127,0.30666000461273024,-0.07029597505779767,-0.15969902840175002,0.22999500345954768,0.36157564183817864,0.19569732339972404,0.1658783184384546,-0.07029598692723568,0.4159302288802939,5.9168417296826465
1.5,0.02818382931264455,0.40922112228562557,0.30670411151822874,-0.07043838932311941,-0.15958969431555214,0.23002808363867155,0.3614424222249759,0.1957254705438565,0.1657169516811194,-0.0704383998630813,0.3953804026047124,5.613137200351738
1.5,0.03162277660168379,0.4091511602990717,0.3067527975479346,-0.07059689802922087,-0.15946770013173017,0.23006459816095096,0.3612935390809929,0.19575653988957198,0.1655369991914209,-0.07059690739111812,0.3770953374102533,5.341527714820212
1.5,0.03548133892335755,0.4090730074946979,0.30680642278483167,-0.07077314207350588,-0.15933167501511777,0.23010481708862374,0.3611272352743391,0.1957907612264582,0.1653364740478809,-0.07077315038094475,0.36083358697331247,5.0984530861079875
1.5,0.039810717055349734,0.4089857545932344,0.30686534354869877,-0.07096888280714786,-0.15918012485437621,0.23014900766152407,0.36094157939304117,0.19582836194258693,0.16511321745045424,-0.07096889017997132,0.34638080075098493,4.880741404756245
1.5,0.04466835921509633,0.4088884048489002,0.3069299010925393,-0.07118599768731454,-0.1590114281320898,0.2301974258194045,0.3607344548765683,0.1958695598110562,0.1648648950655121,-0.07118600422075769,0.3335471662367123,4.685572253814615
1.5,0.05011872336272725,0.4087798694544577,0.3070004067108929,-0.07142647113864375,-0.1588238338945259,0.23025030503316968,0.36050355047223803,0.19591455348675219,0.16458899698548585,-0.07142647693039504,0.32216452396356626,4.510435594877722
1.5,0.05623413251903491,0.40865896392609924,0.3070771224830258,-0.071692379214287,-0.15861546264798243,0.23030784186226938,0.36024635282453704,0.195963510217474,0.16428284260706305,-0.0716923843387285,0.3120846283961485,4.353107115556752
1.5,0.06309573444801933,0.40852440595653633,0.30716023677823245,-0.0719858663741279,-0.15838431120954644,0.23037017758367434,0.3599601422435696,0.19601655021246361,0.16394359203110598,-0.0719858709084657,0.3031771372063841,4.211620049605176
1.5,0.0707945784384138,0.4083748153594915,0.3072498335727697,-0.07230911240972293,-0.15812826276985437,0.23043737517957727,0.3596419929855425,0.1960737270617834,0.16356826592375912,-0.07230911641611208,0.2953278185713604,4.08424045554448
1.5,0.07943282347242818,0.40820871688783994,0.3073458545869877,-0.07266428726051982,-0.15784510367972093,0.23050939094024078,0.35928877971575374,0.1961350035738486,0.16315377614190513,-0.07266429080107531,0.288437397241327,3.9694517631906567
1.5,0.08912509381337459,0.4080245468899682,0.3074480532737477,-0.07305349121430466,-0.15753254874100614,0.23058603995531077,0.3588971922105951,0.1962002224128008,0.16269696979779427,-0.07305349433787517,0.2824204095681607,3.865939776432263
1.5,0.1,0.4078206649698429,0.3075559398118499,-0.07347867781321399,-0.1571882770456735,0.23066695485888744,0.3584637607792754,0.19626907099566096,0.16219468978361443,-0.07347868056329851,0.2772038838362505,3.772575687412515
1.5,0.11220184543019641,0.40759537202541296,0.30766871652906014,-0.07394155676286202,-0.15680998063393303,0.2307515373967951,0.35798489532558325,0.1963410402820623,0.16164385504352094,-0.0739415591814707,0.2727266968433952,3.6884087901643654
1.5,0.12589254117941676,0.40734693623823237,0.3077852036586551,-0.07444347436003196,-0.1563954283839594,0.23083890274399133,0.35745694138393797,0.19641537739524753,0.16104156398869043,-0.07444347648276532,0.2689390051157657,3.612660475065652
1.5,0.1412537544622754,0.40707362874349706,0.3079037560918963,-0.0749852695375019,-0.1559425475314202,0.23092781706892224,0.3568762567853415,0.19649103249705022,0.1603852242882913,-0.07498527139558417,0.2658012810152855,3.5447131959162097
1.5,0.15848931924611143,0.40677377077708454,0.30802217290238476,-0.07556710472597877,-0.15544952495080974,0.23101662967678857,0.35623931273720677,0.19656660105020213,0.15967271168700464,-0.07556710635140843,0.26328430915278467,3.484112623400427
1.5,0.1778279410038923,0.4064457940085129,0.30813760295656345,-0.07618827252823723,-0.1549149296891854,0.2311032022174226,0.35554282289531314,0.19664026358298403,0.1589025593123291,-0.07618827394107101,0.26136806654314687,3.430555031937146
1.5,0.19952623149688808,0.4060883154390999,0.30824645193127936,-0.07684698186809963,-0.15433785708035988,0.23118483894845954,0.35478390328157955,0.1967097263518038,0.15807417692977574,-0.0768469830969932,0.2600420559554225,3.3838941423010427
1.5,0.223872113856834,0.40570022756792856,0.3083442985209409,-0.07754013096135004,-0.15371809292935573,0.2312582238907057,0.3539602644355215,0.19677216786818208,0.1571880965673394,-0.07754013202247081,0.2593037352296915,3.344122952415742
1.5,0.25118864315095824,0.40528080339129824,0.30842583042045485,-0.07826307920641373,-0.1530562936089274,0.23131937281534115,0.353070434741703,0.19682419804579424,0.15624623669590879,-0.07826308011843044,0.25915847675420295,3.311375892209139
1.5,0.2818382931264455,0.4048298141041911,0.3084848135521779,-0.07900943577605668,-0.15235417438807675,0.23136361016413343,0.3521140102417875,0.19686183856242603,0.15525217167936148,-0.07900943655434574,0.25961841125633844,3.285916500338069
1.5,0.31622776601683794,0.4043476550643802,0.3085141105010648,-0.07977088888193201,-0.15161469399386662,0.2313855828757986,0.35109192131689243,0.19688053462449712,0.1542113866923953,-0.07977088954173703,0.2607008358371799,3.268119953717932
1.5,0.3548133892335757,0.40383547271204395,0.30850576553737175,-0.08053710555380383,-0.1508422185992251,0.2313793241530288,0.35000670053073246,0.196875209224921,0.15313149130581147,-0.08053710610426196,0.2624268469209802,3.2584588597117814
1.5,0.3981071705534973,0.40329528192474756,0.30845117303804004,-0.08129573602436846,-0.1500426437541616,0.23133837977853003,0.34886272912294425,0.1968403706224419,0.15202235850050236,-0.08129573647860205,0.2648187786046762,3.257474377815366
1.5,0.4466835921509635,0.40273006016498325,0.30834134256731255,-0.08203255769994572,-0.1492234492255387,0.23125600692548443,0.34766643307104483,0.19677028150476825,0.1508961515662766,-0.0820325580641475,0.2678976730730201,3.2657481297063846
1.5,0.5011872336272725,0.4021438024256526,0.30816726648232895,-0.08273178926544955,-0.14839366059629716,0.2311254498617467,0.34642639475186404,0.1966591935787695,0.14976720117309456,-0.08273178955281908,0.2716802091566545,3.283867188479026
1.5,0.5623413251903491,0.4015415202759737,0.30792038432295776,-0.08337659399286929,-0.14756369424934884,0.23094028824221832,0.34515334489441923,0.196501643924242,0.14865170097017724,-0.08337659419838603,0.2761754734484466,3.3123861211135046
1.5,0.6309573444801936,0.40092917017707375,0.30759312297716457,-0.08394977199692155,-0.14674507023595196,0.23069484223287343,0.34386000367005687,0.19629279970438773,0.14756720396566914,-0.08394977213472045,0.2813813311599093,3.3517819525269914
1.5,0.707945784384138,0.40031350136397215,0.3071794745007417,-0.0844346149272856,-0.14594999094827044,0.23038460587555626,0.3425607508529122,0.19602882690569612,0.1465319239472161,-0.08443461500260963,0.2872812955271537,3.4024113868260626
1.5,0.7943282347242822,0.399701822092554,0.3066755576624429,-0.08481586663503765,-0.14519080161179457,0.2300066682468322,0.3412711232046117,0.1957072486920794,0.14556387451253233,-0.08481586665137279,0.293842179880452,3.4644718197393556
1.5,0.8912509381337459,0.3991016941539911,0.30608009884070153,-0.08508070525643818,-0.14447936887408794,0.22956007413052615,0.3400071609020388,0.19532725229262482,0.144679908609414,-0.08508070522166686,0.3010128998901838,3.5379690272422324
1.5,1.0,0.3985205774988987,0.3053947667961556,-0.08521964289435169,-0.14382643220276503,0.22904607509711672,0.3387846501421411,0.19488990263913136,0.14389474750300973,-0.0852196427974421,0.3087240149215339,3.622686094276851
1.5,1.1220184543019642,0.39796545707164255,0.3046243066214409,-0.08522723519784847,-0.14324099476823238,0.22846822996608068,0.3376183306551738,0.19439822784714758,0.14322010280802625,-0.08522723505600102,0.3168895619555218,3.718172503746019
1.5,1.2589254117941675,0.3974424898846931,0.3037764406487237,-0.08510250845872991,-0.14272982202781284,0.22783233048654278,0.3365211491308636,0.1938571559793895,0.14266399315147413,-0.08510250826187717,0.32541008977282687,3.8237426418910707
1.5,1.4125375446227555,0.3969567100341378,0.30286153482454525,-0.08484904555018047,-0.14229710556822894,0.22714615111840894,0.33550363846656617,0.19327330214041066,0.1422303363261555,-0.08484904530695528,0.3341761119977781,3.938478161879623
1.5,1.584893192461114,0.3965118223062254,0.3018920619018105,-0.08447471819578656,-0.14194432823057163,0.22641904642635788,0.3345734873786152,0.1926546259086427,0.14191886146997248,-0.08447471792033295,0.3430742126373679,4.06126496877938
1.5,1.7782794100389228,0.3961101025523032,0.3008819206168955,-0.08399110199844645,-0.14167033846422555,0.22566144046267161,0.333735338127519,0.19200999686429424,0.14172534126322475,-0.0839911016741101,0.35199160076977104,4.190820143489926
1.5,1.9952623149688808,0.3957524078512555,0.29984568688530244,-0.08341265182849555,-0.14147161333548144,0.22488426516397683,0.3329908177680602,0.19134871673438156,0.14164210103367866,-0.0834126514628562,0.36082113445210023,4.325736301678104
1.5,2.23872113856834,0.3954382849502274,0.29879787603467767,-0.08275574038666267,-0.14134266663934583,0.22409840702600825,0.33233877751068924,0.19068004858133894,0.1416587289293503,-0.0827557399894676,0.36946603493639985,4.464536659129894
1.5,2.5118864315095824,0.39516615445057646,0.2977522849491746,-0.08203766847955657,-0.14127654523232455,0.22331421371188095,0.33177569155238307,0.19001279698763343,0.14176289456474964,-0.08203766805062798,0.3778422253854654,4.605716305250014
1.5,2.818382931264455,0.39493354234770983,0.2967214635143163,-0.0812757433552706,-0.14126535428046638,0.2225410976357372,0.3312961545740951,0.18935497075444174,0.14194118381965337,-0.08127574289255174,0.3858804217132805,4.747793228090485
1.5,3.1622776601683795,0.39473733002627165,0.2957163412228145,-0.08048649678699077,-0.14130075913012002,0.22178725591711085,0.3308934163324345,0.18871354461742507,0.14217987171500945,-0.08048649629905508,0.39352761292688054,4.88936195538556
1.5,3.548133892335757,0.3945739976177255,0.2947460123215609,-0.07968508453808337,-0.14137442470308728,0.22105950924117068,0.3305599001290246,0.18809432213670896,0.14246557799231563,-0.07968508402584479,0.40074531228173615,5.029113254768732
1.5,3.981071705534973,0.3944398420437426,0.293817665091543,-0.07888487990646537,-0.14147836891219212,0.22036324881865726,0.33028766576826346,0.1875018905663468,0.14278577520191665,-0.0788848793659494,0.4075099532124815,5.165881680848242
1.5,4.4668359215096345,0.39433115832789317,0.292936629461745,-0.07809725074886692,-0.1416052213474418,0.21970247209630872,0.33006879314420373,0.1869396512394771,0.14312914190472664,-0.07809725018630634,0.41381019499369975,5.29865256467452
1.5,5.011872336272725,0.3942443794576906,0.29210651212704486,-0.07733149380819399,-0.1417483902870897,0.21907988409528364,0.32989567685909577,0.18640990579479913,0.14348577106429664,-0.07733149322789881,0.41964476155052,5.426570004458742
1.5,5.623413251903491,0.39417617537297966,0.29132938847131734,-0.07659489229609234,-0.1419021490573959,0.21849704135348802,0.3297612334924472,0.185913978653702,0.1438472548387452,-0.0765948916871836,0.4250222179199309,5.54896297334994
1.5,6.309573444801936,0.39412351523732947,0.29060602419545467,-0.07589286115205685,-0.14206165699453396,0.217954518146591,0.32965903068030206,0.18545235845380606,0.144206672226496,-0.0758928605327073,0.4299566400270521,5.665310768484673
1.5,7.07945784384138,0.394083699108128,0.2899361049489977,-0.07522914726989166,-0.1422229314418567,0.21745207871174826,0.32958335124564836,0.1850248445900693,0.14455850665557907,-0.07522914663057927,0.43446751233992165,5.775255094590141
1.5,7.943282347242821,0.3940543657760099,0.2893184581316423,-0.07460605733207737,-0.14238278626665418,0.21698884359873172,0.3295292069325548,0.18463068875903577,0.144898518173519,-0.07460605668069376,0.43857776727037023,5.878581267837784
1.5,8.91250938133746,0.3940334832892053,0.2887512564764812,-0.07402469216370289,-0.14253875019365836,0.2165634423573609,0.32949231568553844,0.18426872487697374,0.1452235908085647,-0.07402469151120561,0.44231180089888367,5.975192761619655
1.5,10.0,0.39401932788374316,0.28823219757140867,-0.073485172631648,-0.14268897554690846,0.2161741481785565,0.32946905467280574,0.18393748364276757,0.14553157103003816,-0.0734851719789469,0.4456960603894957,6.06511556531684
1.5,11.220184543019629,0.3940104560017378,0.28775865695468217,-0.07298684744729483,-0.14283214526871693,0.21581899271601163,0.32945639900581075,0.1836352902369747,0.14582110876883606,-0.0729868467481099,0.4487569451994388,6.148463253223911
1.5,12.589254117941687,0.3940056730037389,0.287327814875722,-0.07252847751317848,-0.14296738364361355,0.2154958611567915,0.3294518537951342,0.18336034521515207,0.14609150857998213,-0.07252847682766468,0.45151997424746626,6.225416470834282
1.5,14.125375446227554,0.39400400119310486,0.28693675839218036,-0.07210839465696339,-0.14309417413717201,0.21520256879413527,0.32945338506852206,0.18311078966184816,0.1463425954066739,-0.07210839395092321,0.45400982735578643,6.296213276706514
1.5,15.848931924611142,0.39400464893317466,0.2865825613682558,-0.07172463482932773,-0.14321228619686466,0.21493692102619183,0.329459353291326,0.18288475624211473,0.14657459704921125,-0.07172463409683884,0.45625024002290554,6.361137226673062
1.5,17.78279410038923,0.39400698197097367,0.2862623453330822,-0.0713750472775958,-0.1433217117222156,0.21469675899981167,0.3294684518109887,0.18268040803872745,0.14678804377226126,-0.0713750465350198,0.4582645064447314,6.420514293043385
1.5,19.952623149688787,0.3940104975770202,0.2859733242122945,-0.07105738202876438,-0.14342261113045568,0.21447999315922087,0.32947965147817,0.18249596709796728,0.1469836843802027,-0.07105738130129782,0.46007261565662194,6.474663254276428
1.5,22.387211385683422,0.39401480174845227,0.2857128357878125,-0.0707693583931317,-0.14351526844772755,0.21428462684085936,0.32949215193133413,0.18232973450590842,0.1471624174254257,-0.0707693576765446,0.46169489095693805,6.52393784704308
1.5,25.11886431509582,0.39401958947608257,0.2854783624645676,-0.07050871727444274,-0.14360005457398303,0.2141087718484257,0.3295053395126317,0.1821801036408546,0.14732523587177712,-0.07050871655020276,0.4631491761111531,6.568679714675947
1.5,28.18382931264455,0.3940246279189966,0.2852675435939226,-0.07027325995456385,-0.14367739774087895,0.21395065769544194,0.3295187514544962,0.1820455680376243,0.1474731834168719,-0.07027325922254432,0.46445160059606144,6.609222423073001
1.5,31.622776601683793,0.39402974223972953,0.28507818126489975,-0.07006087579179388,-0.1437477601568813,0.21380863594867483,0.3295320457888389,0.18192472508326044,0.14760732070557844,-0.07006087504597944,0.46561795146132784,6.645905452304911
1.5,35.481338923357534,0.3940348038096133,0.2849082411519327,-0.06986956098932551,-0.1438116198746231,0.21368118086394952,0.3295449763428415,0.18181627655803384,0.14772869978480768,-0.06986956026995131,0.46666149634469856,6.679038690692819
1.5,39.81071705534978,0.39403972048236136,0.2847558497160114,-0.06969743029235409,-0.14386945699465387,0.21356688728700857,0.3295573721647202,0.1817190268493331,0.1478383453153871,-0.06969742953643009,0.4675938808955317,6.708911419052054
1.5,44.668359215096345,0.394044428642893,0.28461928880076304,-0.06954272318291299,-0.1439217434176611,0.21346446660057228,0.32956912074507,0.18163187950311088,0.14793724124195912,-0.06954272243794063,0.4684277950606193,6.735827684609854
1.5,50.11872336272725,0.3940488867594455,0.28449698844746757,-0.06940380587455142,-0.14396893546105038,0.2133727413356007,0.32958015444683164,0.18155383263873034,0.1480263218081013,-0.06940380513837782,0.4691730680455871,6.760048200673528
1.5,56.23413251903491,0.3940530701943411,0.2843875185713039,-0.06927917017128632,-0.1440114687571917,0.21329063892847794,0.3295904396171552,0.1814839736371124,0.14810646598004276,-0.06927916937019632,0.469837644186381,6.781802502217985
1.5,63.09573444801943,0.3940569670583609,0.2842895799918186,-0.06916743004903814,-0.14404975494482858,0.21321718499386394,0.32959996791908003,0.1814214734167581,0.14817849450232193,-0.06916742928742474,0.47043532072424366,6.801399525336603
1.5,70.79457843841388,0.39406057492311825,0.2842019951896586,-0.06906731664256827,-0.1440841797496738,0.21315149639224396,0.32960874948488855,0.18136558053507612,0.14824316894981243,-0.06906731591517459,0.47096536000863204,6.818932425100329
1.5,79.43282347242821,0.3940638982335072,0.28412369906476864,-0.06897767217444939,-0.14411510212412565,0.21309277429857648,0.32961680755292094,0.18131561529069162,0.14830119226222932,-0.06897767135203409,0.4714391132483087,6.834662638033611
1.5,89.12509381337459,0.3940669462873717,0.28405372989474076,-0.06889744324168634,-0.14414285417936962,0.21304029742105557,0.329624174303751,0.1812709639534174,0.1483532103503336,-0.06889744246202471,0.4718618226406528,6.8487567285351165
1.5,100.0,0.3940697316718549,0.2839912206319447,-0.06882567377731647,-0.1441677416966466,0.21299341547395853,0.32963088765968307,0.1812310732104715,0.14839981444921158,-0.06882567288207032,0.4722404116636957,6.861399124609479
1.5,112.20184543019653,0.3940722690651019,0.28393539063178663,-0.06876149792487912,-0.1441900450489617,0.21295154297383997,0.3296369888528509,0.1811954448877918,0.14844154396505913,-0.06876149703819423,0.4725754999623146,6.872676138796368
1.5,125.89254117941688,0.3940745743285139,0.2838855378688625,-0.06870413300044431,-0.1442100204012025,0.21291415340164688,0.32964252060267163,0.18116363098274446,0.14847888961992717,-0.0687041320755118,0.47287718363116327,6.882805580185922
1.5,141.25375446227554,0.394076663828618,0.28384103167117236,-0.06865287266686759,-0.14422790108651018,0.21288077375337927,0.32964752577314094,0.1811352290273801,0.14851229674576083,-0.06865287196112299,0.4731427655096027,6.8918131462517085
1.5,158.48931924611142,0.39407855393927604,0.2838013059825046,-0.06860708040595542,-0.14424389908092264,0.21285097948687842,0.3296520464054185,0.18110987778879256,0.14854216861662595,-0.06860707958665106,0.4733849836261232,6.899943657100806
1.5,177.82794100389228,0.39408026068452756,0.28376585314877656,-0.06856618334395881,-0.14425820651762428,0.21282438986158242,0.32965612304162384,0.18108725330381611,0.14856886973780772,-0.0685661825105435,0.47359660868860515,6.907145641596419
1.5,199.5262314968883,0.3940817994903259,0.28373421821383527,-0.06852966646284336,-0.14427099719753111,0.21280066366037645,0.32965979427276826,0.18106706523885327,0.148592729033915,-0.06852966561753894,0.47378718651937385,6.913607154652692
1.5,223.87211385683423,0.3940831850198445,0.28370599370316774,-0.06849706721236265,-0.1442824280650135,0.2127794952773758,0.3296630964574446,0.18104905356107262,0.148614042896372,-0.06849706655760372,0.4739564287873975,6.919368267965405
1.5,251.18864315095823,0.3940844310722945,0.2836808148695274,-0.06846797052513565,-0.14429264062701253,0.21276061115214556,0.32966606356910644,0.18103298550434846,0.14863307806475798,-0.06846796952045155,0.4741060982806831,6.924494790795081
1.5,281.8382931264455,0.39408555052945743,0.28365835537172474,-0.06844200422767549,-0.14430176230111558,0.21274376652879357,0.32966872713883644,0.18101865281165916,0.14865007432717728,-0.06844200362820911,0.4742454924139398,6.929158517774229
1.5,316.22776601683796,0.39408655533752385,0.28363832335661476,-0.06841883483373495,-0.1443099076837276,0.21272874251746107,0.32967111626769613,0.181005869234801,0.14866524703289513,-0.06841883427002016,0.4743649731176181,6.933251321492858
1.5,354.81338923357606,0.3940874565145739,0.2836204579142104,-0.06839816370196905,-0.1443171797336958,0.21271534343565782,0.32967325768857303,0.18099446827215232,0.1486787894164207,-0.06839816296846724,0.47446754885170334,6.936846375105736
1.5,398.1071705534977,0.39408826417620846,0.2836045258760161,-0.06837972353713528,-0.14432367086987702,0.21270339440701208,0.3296751758620352,0.1809843011255215,0.1486908747365137,-0.06837972247131187,0.47456988453711724,6.940213668404679
1.5,446.6835921509635,0.39408898757360455,0.28359031892803227,-0.06836327521258279,-0.14432946398343893,0.21269273919602422,0.32967689309442755,0.1809752348578211,0.14870165823660644,-0.0683632747036512,0.4746520945603351,6.943085986122085
1.5,501.18723362727246,0.3940896351395582,0.28357765101106314,-0.06834860489104344,-0.14433463336727234,0.21268323825829735,0.32967842966917077,0.18096715073403202,0.14871127893513875,-0.06834860439992807,0.47472682569441377,6.945669627965562
1.5,562.341325190349,0.3940902145392282,0.28356635598260277,-0.0683355214209172,-0.14433924556603792,0.2126747669869521,0.32967980398462615,0.1809599427290487,0.14871986125557746,-0.06833552140974138,0.4748012839843147,6.948088990751899
1.5,630.9573444801943,0.39409073272317946,0.2835562855159861,-0.068323853985861,-0.14434336015111698,0.21266721413698958,0.32968103269375054,0.18095351618715722,0.14872751650659333,-0.06832385356352397,0.47484960359437206,6.949982748746477
1.5,707.9457843841387,0.3940911959807779,0.2835473072147362,-0.06831344998601457,-0.14434703042505104,0.21266048041105215,0.32968213084171083,0.18094778661861122,0.1487343442230996,-0.06831344946298613,0.4749271578650811,6.952176498163924
1.5,794.3282347242822,0.39409160999273585,0.2835393029214387,-0.06830417313068782,-0.14435030406037946,0.21265447719107902,0.3296831119991716,0.18094267862031654,0.14874043337885506,-0.06830417243182518,0.47494396301671177,6.95336677259001
1.5,891.2509381337459,0.3940919798819582,0.2835321672017318,-0.06829590172349337,-0.14435322367780462,0.21264912540129885,0.32968398838970525,0.18093812490863806,0.1487458634810672,-0.06829590054131704,0.4749954347439235,6.954962610919304
1.5,1000.0,0.39409231026187647,0.28352580598686544,-0.0682885271217441,-0.1443558273683926,0.21264435449014907,0.3296847710098316,0.18093406545286556,0.14875070555696607,-0.06828852710627956,0.47502162068303866,6.956097031405403
